-- phpMyAdmin SQL Dump
-- version 4.4.14
-- http://www.phpmyadmin.net
--
-- Host: 127.0.0.1
-- Generation Time: Nov 02, 2015 at 03:44 AM
-- Server version: 5.6.26
-- PHP Version: 5.6.12

SET SQL_MODE = "NO_AUTO_VALUE_ON_ZERO";
SET time_zone = "+00:00";


/*!40101 SET @OLD_CHARACTER_SET_CLIENT=@@CHARACTER_SET_CLIENT */;
/*!40101 SET @OLD_CHARACTER_SET_RESULTS=@@CHARACTER_SET_RESULTS */;
/*!40101 SET @OLD_COLLATION_CONNECTION=@@COLLATION_CONNECTION */;
/*!40101 SET NAMES utf8mb4 */;

--
-- Database: `jor5_informations`
--

-- --------------------------------------------------------

--
-- Table structure for table `info_accepts`
--

DROP TABLE IF EXISTS `info_accepts`;
CREATE TABLE IF NOT EXISTS `info_accepts` (
  `id` int(11) NOT NULL,
  `name` text CHARACTER SET utf8 NOT NULL
) ENGINE=MyISAM AUTO_INCREMENT=15 DEFAULT CHARSET=latin1;

--
-- Dumping data for table `info_accepts`
--

INSERT INTO `info_accepts` (`id`, `name`) VALUES
(1, 'ปฏิเสธ'),
(2, 'รับสารภาพ'),
(3, 'ภาคเสธ'),
(4, 'จำเลยที่ 1 รับสารภาพ  จำเลยที่ 2 ปฏิเสธ'),
(5, 'จำเลยที่ 1 รับสารภาพ จำเลยที่ 2 ถึงที่ 4 ปฏิเสธ'),
(6, 'ทำสัญญาประนีประนอมยอมความ'),
(7, 'จำเลยที่ 1 รับสารภาพ ส่วนจำเลยที่ 2 และที่ 3 ให้การปฏิเสธฐานจำหน่าย'),
(8, 'จำเลยที่ 1 ปฏิเสธ  จำเลยที่ 2 รับสารภาพ'),
(9, 'จำเลยที่ 1 ที่ 2 ให้การรับสารภาพ จำเลยที่ 3 และที่ 4  ให้การปฏิเสธ'),
(10, 'จำเลยที่ 1 ถึง 3 ให้การรับสารภาพ  จำเลยที่ 4 ที่ 5 ให้การปฏิเสธ');

-- --------------------------------------------------------

--
-- Table structure for table `info_appointments`
--

DROP TABLE IF EXISTS `info_appointments`;
CREATE TABLE IF NOT EXISTS `info_appointments` (
  `id` int(11) NOT NULL,
  `case_id` int(11) NOT NULL,
  `name` text CHARACTER SET utf8 NOT NULL,
  `date_sent` date DEFAULT NULL,
  `number_sent` text CHARACTER SET utf8 NOT NULL,
  `mouth_number` int(11) NOT NULL,
  `ordering` int(11) NOT NULL,
  `date_app` date DEFAULT NULL,
  `date_received` date DEFAULT NULL,
  `number_received` text CHARACTER SET utf8 NOT NULL
) ENGINE=MyISAM AUTO_INCREMENT=358 DEFAULT CHARSET=latin1;

--
-- Dumping data for table `info_appointments`
--

INSERT INTO `info_appointments` (`id`, `case_id`, `name`, `date_sent`, `number_sent`, `mouth_number`, `ordering`, `date_app`, `date_received`, `number_received`) VALUES
(3, 13, 'นัดสืบพยาน', '2012-12-17', '12', 2, 1, '2013-08-06', NULL, ''),
(15, 38, 'นัดสืบประกอบ', '2014-01-20', 'ศย 305.020/0157', 2, 1, '2014-01-28', NULL, ''),
(1, 11, 'ทดสอบ', '2014-01-16', '', 12, 1, '2014-01-14', NULL, ''),
(4, 15, 'นัดสืบพยานโจทก์', '2014-01-02', '99/2556', 2, 1, '2014-01-13', NULL, ''),
(32, 180, 'นัดสืบพยานโจทก์', '2014-02-05', '', 4, 1, '2014-02-05', NULL, ''),
(6, 21, 'สืบประกอบ', '2013-09-03', 'ศย 305.004/2453', 3, 1, '2013-09-02', NULL, ''),
(7, 12, 'นัดไกล่เกลี่ย', '2013-07-30', 'ศย 305.003/3552', 1, 1, '2013-07-16', NULL, ''),
(17, 132, 'นัดสืบพยานจำเลย', '2014-02-27', 'ศย.305.017/734', 2, 2, '2014-02-05', NULL, ''),
(9, 16, 'นัดพร้อมสืบพยานโจทย์', '2013-09-04', 'ศย 305.016/2322', 3, 1, '2013-07-24', NULL, ''),
(10, 19, 'นัดพิจราณาต่อเนื่อง', '2014-01-06', '1', 2, 1, '2014-01-01', NULL, ''),
(11, 8, 'นัดฟังคำพิพากษา', '2013-11-22', '5555', 0, 1, '2013-11-21', NULL, ''),
(12, 23, 'นัดฟังคำพิพากษา', '0000-00-00', '', 0, 1, '2013-11-18', NULL, ''),
(13, 24, 'นัดฟังคำพิพากษา', '2013-11-06', 'ศย.305.010/123', 1, 1, '2013-11-05', NULL, ''),
(16, 132, ' นัดสืบพยานโจทก์', '2014-02-27', 'ศย.305.017/734', 3, 1, '2014-02-04', NULL, ''),
(19, 142, 'นัดสืบพยานโจทก์ประกอบคำรับสารภาพ', '0000-00-00', 'ศย 305.017/', 2, 2, '2014-02-17', NULL, ''),
(18, 142, 'นัดสืบพยานโจทก์ประกอบคำรับสารภาพ', '0000-00-00', 'ศย 305.017/', 2, 1, '2014-01-27', NULL, ''),
(20, 149, 'นัดสืบพยานโจทก์', '2014-03-06', 'ศย.305.017/841', 4, 1, '2014-02-18', NULL, ''),
(21, 149, 'นัดสืบพยานโจทก์และจำเลย', '0000-00-00', '', 2, 2, '2014-02-19', NULL, ''),
(22, 151, 'นัดสืบพยานโจทก์และจำเลย', '2014-03-07', '', 4, 1, '2014-03-04', NULL, ''),
(23, 152, 'นัดสืบพยานโจทก์ประกอบคำรับสารภาพ', '2014-03-07', '', 2, 1, '2014-02-25', NULL, ''),
(24, 153, 'สืบพยานโจทก์และจำเลย', '2014-03-07', 'ศย 305.017/849', 5, 1, '2014-02-27', NULL, ''),
(25, 176, 'ไต่สวนคำร้อง', '2014-03-21', 'ศย 305.017/943', 4, 1, '2014-02-19', NULL, ''),
(26, 177, 'สืบพยานโจทก์ประกอบคำรับสารภาพของจำเลย', '2014-03-21', 'ศย 305.017/944', 2, 1, '2014-03-03', NULL, ''),
(27, 181, 'นัดสืบพยานโจทก์', '2014-03-17', 'ศย 305.017/971', 3, 1, '2014-03-06', NULL, ''),
(28, 181, 'นัดสืบพยานจำเลย', '2014-03-17', 'ศย 305.017/971', 2, 2, '2014-03-07', NULL, ''),
(29, 182, 'นัดสืบพยานโจทก์', '2014-03-17', 'ศย 305.017/972', 3, 1, '2014-03-04', NULL, ''),
(30, 182, 'นัดสืบพยานโจทก์', '2014-03-17', 'ศย 305.017/972', 2, 2, '2014-03-05', NULL, ''),
(31, 182, 'นัดสืบพยานจำเลย', '2014-03-17', 'ศย 305.017/972', 5, 3, '2014-03-05', NULL, ''),
(36, 179, 'สืบพยานผู้ร้องและผู้คัดค้าน', '2014-02-07', '', 4, 4, '2014-02-07', NULL, ''),
(35, 179, 'นัดสืบพยานผู้ร้อง', '2013-12-13', '', 1, 3, '2013-12-13', NULL, ''),
(33, 179, 'ไต่สวนคำร้อง', '2013-09-02', '', 5, 1, '2013-09-02', NULL, ''),
(34, 179, 'นัดพร้อม', '2013-11-04', '', 0, 2, '2013-11-04', NULL, ''),
(37, 179, 'นัดฟังคำสั่งศาล', '0000-00-00', '', 0, 5, '2014-03-19', NULL, ''),
(38, 178, 'นัดพร้อม', '2013-10-02', '', 1, 1, '2013-10-02', NULL, ''),
(39, 178, 'สืบพยานโจทก์', '2013-12-03', '', 1, 2, '2013-12-03', NULL, ''),
(40, 178, 'สืบพยานโจทก์', '2014-01-29', '', 3, 3, '2014-01-29', NULL, ''),
(41, 178, 'สืบพยานจำเลย', '2014-01-30', '', 2, 4, '2014-01-30', NULL, ''),
(42, 178, 'นัดฟังคำพิพากษา', '0000-00-00', '', 0, 5, '2014-02-25', NULL, ''),
(43, 379, 'สืบประกอบคำรับสารภาพ', '2014-04-02', '305.010/3650', 2, 1, '2014-02-10', NULL, ''),
(44, 453, 'นัดสืบพยานโจทก์ ', '0000-00-00', '', 1, 1, '2014-02-25', NULL, ''),
(45, 453, 'นัดสืบพยานจำเลย', '0000-00-00', '', 3, 2, '2014-03-04', NULL, ''),
(46, 453, 'นัดสืบพยานจำเลย', '0000-00-00', '', 1, 3, '2014-03-10', NULL, ''),
(47, 517, 'นัดไกล่เกลี่ย', '0000-00-00', '', 1, 1, '2014-02-19', NULL, ''),
(48, 517, 'นัดพร้อม', '0000-00-00', '', 1, 2, '2014-02-24', NULL, ''),
(49, 1109, 'สืบโจทก์ประกอบคำรับสารภาพ', '2014-05-29', '', 3, 1, '2014-05-16', NULL, ''),
(50, 1143, '', '0000-00-00', '', 0, 1, '0000-00-00', NULL, ''),
(51, 1201, 'นัดสืบพยานโจทก์ประกอบคำรับสารภาพ', '2014-06-04', 'ศย 305.001/2071', 2, 1, '2014-06-02', NULL, ''),
(52, 853, 'นัดพร้อม 6 พฤษภาคม 2557 ', '2014-04-29', '', 0, 1, '0000-00-00', NULL, ''),
(53, 554, 'นัดพร้อมเพื่ีอฟังผลการปฏิบัติตามแผนแก้ไขบำบัดฟื้นฟูวันที่ ๒๙ กันยายน ๒๕๕๗', '0000-00-00', '', 0, 1, '2014-09-29', NULL, ''),
(54, 1466, 'สืบประกอบ (พยานโจทก์)', '2014-06-25', 'ศย.305.017/2402', 5, 1, '2014-06-10', NULL, ''),
(55, 1565, 'สืบพยานโจทก์  ', '2014-07-10', 'ศย 305.017/2665', 4, 1, '2014-06-17', NULL, ''),
(56, 1565, 'สืบพยานจำเลย', '2014-07-10', 'ศย 305.017/2665', 4, 2, '2014-06-18', NULL, ''),
(57, 1591, '', '2014-07-09', 'ศย 305.003/8020', 0, 1, '0000-00-00', NULL, ''),
(58, 1669, 'สืบพยานโจทก์', '2014-07-24', 'ศย 305.017/2899', 2, 1, '2014-07-21', NULL, ''),
(59, 1713, 'สืบพยานโจทก์', '2014-07-29', 'ศย 305.017/3004', 4, 1, '2014-06-17', NULL, ''),
(60, 1713, 'สืบพยานจำเลย', '2014-07-29', 'ศย 305.017/3004', 4, 2, '2014-06-18', NULL, ''),
(61, 1749, 'นัดสืบพยานโจทก์ประกอบคำรับสารภาพ', '2014-07-30', 'ศย 305.017/3029', 2, 1, '2014-07-28', NULL, ''),
(62, 1858, 'นัดสืบพยานประกอบคำรับสารภาพ', '2014-08-05', 'ศย 305.017/3140', 4, 1, '2014-07-31', NULL, ''),
(63, 1902, 'นัดสืบพยานโจทก์ประกอบคำรับสารภาพ', '2014-08-14', 'ศย 305.017/3288', 2, 1, '2014-08-07', NULL, ''),
(64, 1976, 'รายงานกระบวนพิจารณา', '2014-08-15', '', 1, 1, '2014-07-07', NULL, ''),
(65, 1867, 'นัดสืบพยานโจทก์', '2014-08-22', 'แิแอิแิ', 5, 1, '2014-08-20', NULL, ''),
(66, 2049, 'สืบประกอบ  (พยานโจทก์)', '2014-08-26', 'ศย.305.017/3499', 2, 1, '2014-09-17', NULL, ''),
(67, 2049, 'สืบประกอบ (พยานจำเลย)', '2014-08-26', 'ศย.305.017/3499', 1, 2, '2014-09-17', NULL, ''),
(68, 1699, 'สืบประกอบ (พยานโจทก์)', '2014-08-26', 'ศย.305.017/3499', 2, 1, '2014-09-17', NULL, ''),
(69, 1699, 'สืบประกอบ (พยานจำเลย)', '2014-08-26', 'ศย.305.017/3499', 1, 2, '2014-09-17', NULL, ''),
(70, 223, 'สืบประกอบ', '2014-08-27', 'ศย 305.017/3500', 3, 1, '2014-09-16', NULL, ''),
(71, 2069, 'สืบพยานโจทก์', '2014-08-28', 'ศย 305.017/3539', 4, 1, '2013-01-22', NULL, ''),
(72, 2069, 'สืบพยานโจทก์', '2014-08-28', 'ศย 305.017/3539', 2, 2, '2013-01-23', NULL, ''),
(73, 2069, 'สืบพยานโจทก์', '2014-08-28', 'ศย .305.017/3539', 3, 3, '2013-01-24', NULL, ''),
(74, 2069, 'สืบพยานโจทก์', '2014-08-28', 'ศย 305.017/3539', 3, 4, '2013-01-25', NULL, ''),
(75, 2069, 'สืบพยานโจทก์', '2014-08-28', 'ศย 305.017/3539', 4, 5, '2014-04-29', NULL, ''),
(76, 2069, 'สืบพยานโจทก์', '2014-08-28', 'ศย 305.017/3539', 2, 6, '2014-04-30', NULL, ''),
(77, 2069, 'สืบพยานโจทก์', '2014-08-28', 'ศย 305.017/3539', 1, 7, '2014-07-18', NULL, ''),
(78, 2069, 'สืบพยานจำเลย', '2014-08-28', 'ศย 305.017/3539', 3, 8, '2014-07-18', NULL, ''),
(79, 2069, 'สืบพยานจำเลย', '2014-08-28', 'ศย 305.017/3539', 1, 9, '2014-07-25', NULL, ''),
(80, 2123, 'สืบพยานผู้ร้อง', '2014-09-02', 'ศย 305.017/3607', 7, 1, '2014-07-23', NULL, ''),
(81, 2123, 'สืบพยานผู้คัดค้าน', '2014-09-02', 'ศย 305.017/3607', 3, 2, '2014-09-24', NULL, ''),
(82, 223, 'สืบประกอบ', '2014-09-10', 'ศย 305.017/3760', 3, 2, '2014-09-29', NULL, ''),
(83, 2295, 'สืบพยานโจทก์ประกอบคำรับสารภาพของจำเลย', '2014-09-11', 'ศย 305.017/3778', 4, 1, '2014-09-08', NULL, ''),
(84, 2411, 'นัดสืบพยานโจทก์', '2014-09-19', 'ศย 305.017/3927', 4, 1, '2014-08-19', NULL, ''),
(85, 2411, 'นัดสืบพยานจำเลย', '2014-09-19', 'ศย 305.017/3927', 3, 2, '2014-08-20', NULL, ''),
(86, 2565, 'นัดสืบพยานโจทก์', '2014-09-30', 'ศย 305.017/4074', 2, 1, '2014-04-24', NULL, ''),
(87, 2565, 'นัดสืบพยานโจทก์', '2014-09-30', 'ศย 305.017/4074', 1, 2, '2014-04-25', NULL, ''),
(88, 2565, 'นัดสืบพยานโจทก์/จำเลย', '2014-09-30', 'ศย 305.017/4074', 2, 3, '2014-05-08', NULL, ''),
(89, 2565, 'สืบพยานจำเลย', '2014-09-30', 'ศย 305.017/4074', 3, 4, '2014-08-20', NULL, ''),
(91, 1238, 'สืบพยานจำเลย', '2014-10-01', 'ศย 305.017/4097', 1, 2, '2014-09-18', NULL, ''),
(90, 1238, 'สืบพยานโจทก์', '2014-10-01', 'ศย 305.017/4097', 2, 1, '2014-09-18', NULL, ''),
(92, 1667, 'สืบพยานโจทก์ประกอบคำรับสารภาพของจำเลย', '2014-10-01', 'ศย 305.017/4104', 2, 1, '2014-09-15', NULL, ''),
(93, 2298, 'นัดสืบพยานโจทก์ประกอบคำรับสารภาพของจำเลย', '2014-10-13', 'ศย 305.009/7451', 2, 1, '2014-10-06', NULL, ''),
(94, 469, 'สืบประกอบ', '2014-08-21', 'ศย 305.017/4291', 3, 1, '2014-08-21', NULL, ''),
(95, 2633, '', '0000-00-00', '', 0, 1, '0000-00-00', NULL, ''),
(96, 2608, 'นัดสืบ', '2014-11-19', 'ศย305.009/8353', 2, 1, '2014-10-02', NULL, ''),
(97, 2601, '', '0000-00-00', '', 0, 1, '0000-00-00', NULL, ''),
(98, 190, 'สืบพยานโจทก์ ', '2014-10-14', '305.009/7491', 2, 1, '2014-08-04', NULL, ''),
(99, 192, 'สืบพยานโจทก์', '0000-00-00', '', 2, 1, '2014-07-29', NULL, ''),
(102, 2764, 'นัดสืบพยานจำเลย', '2014-10-16', 'ศย 305.017/4331', 4, 3, '2014-09-17', NULL, ''),
(101, 2764, 'นัดสืบพยานโจทก์', '2014-10-16', 'ศย 305.017/4331', 1, 2, '2014-09-17', NULL, ''),
(100, 2764, 'นัดสืบพยานโจทก์', '2014-10-16', 'ศย 305.017/4331', 2, 1, '2014-08-05', NULL, ''),
(103, 2764, '', '0000-00-00', '', 0, 4, '0000-00-00', NULL, ''),
(104, 900, 'สืบพยานโจทก์ประกอบ', '0000-00-00', '', 2, 1, '2014-07-28', NULL, ''),
(105, 1853, 'ไต่สวนคำร้อง', '0000-00-00', '', 3, 1, '2014-09-01', NULL, ''),
(108, 2831, 'นัดสืบพยานจำเลย', '2014-10-20', 'ศย 305.017/4385', 1, 3, '2014-07-21', NULL, ''),
(107, 2831, 'นัดสืบพยานจำเลย', '2014-10-20', 'ศย 305.017/4385', 2, 2, '2014-06-12', NULL, ''),
(106, 2831, 'นัดสืบพยานโจทก์', '2014-10-20', 'ศย 305.017/4385', 3, 1, '2014-05-02', NULL, ''),
(110, 866, 'สืบพยานจำเลย', '0000-00-00', '', 2, 2, '2014-10-02', NULL, ''),
(109, 866, 'สืบพยานโจทก์', '0000-00-00', '', 3, 1, '2014-10-01', NULL, ''),
(111, 2846, '', '0000-00-00', '', 0, 1, '0000-00-00', NULL, ''),
(112, 2847, 'ไต่ส่วนคำร้อง', '2014-09-04', '', 0, 1, '2014-08-04', NULL, ''),
(113, 2847, 'นัดฟังคำสั่ง', '0000-00-00', '', 0, 2, '2014-09-04', NULL, ''),
(114, 2852, 'สืบพยานโจทก์-จำเลย', '0000-00-00', '', 4, 1, '2014-09-26', NULL, ''),
(115, 2851, 'นัดพร้อม', '0000-00-00', '', 0, 1, '2013-12-27', NULL, ''),
(116, 2851, 'นัดพร้อม', '0000-00-00', '', 4, 2, '2014-01-15', NULL, ''),
(117, 2851, 'สืบพยาน โจทก์ - จำเลย', '0000-00-00', '', 0, 3, '2014-03-04', NULL, ''),
(118, 2851, 'นัดพร้อม', '0000-00-00', '', 0, 4, '2014-05-06', NULL, ''),
(119, 2851, 'นัดพร้อม', '0000-00-00', '', 0, 5, '2014-05-20', NULL, ''),
(191, 1136, 'นัดฟังคำพิพากษา', '2014-08-13', '', 0, 3, '2014-08-13', NULL, ''),
(190, 1136, 'รับสารภาพสืบประกอบ', '2014-07-02', '', 0, 2, '2014-07-02', NULL, ''),
(189, 1136, 'นัดพร้อม', '2014-05-20', '', 0, 1, '2014-05-20', NULL, ''),
(123, 2856, 'นัดพร้อม', '0000-00-00', '', 0, 1, '2014-03-11', NULL, ''),
(124, 2856, 'สืบพยานโจทก์', '0000-00-00', '', 0, 2, '2014-05-14', NULL, ''),
(125, 2856, 'สืบพยานโจทก์', '0000-00-00', '', 0, 3, '2014-05-15', NULL, ''),
(126, 2856, 'สืบพยานจำเลย', '0000-00-00', '', 0, 4, '2014-05-21', NULL, ''),
(127, 2856, 'นัดฟังคำพิพากษา', '0000-00-00', '', 0, 5, '2014-07-17', NULL, ''),
(128, 1695, 'สืบพยานโจทก์ประกอบคำรับสารภาพ', '2014-10-29', 'ศย305.009/7852', 3, 1, '2014-08-25', NULL, ''),
(129, 1532, 'สืบพยานโจทก์ประกอบคำรับสารภาพ', '0000-00-00', '', 2, 1, '2014-08-18', NULL, ''),
(130, 2517, 'สืบพยานโจทก์', '2014-10-27', 'ศย305.009/7756', 3, 1, '2014-10-06', NULL, ''),
(131, 196, 'สืบพยานโจทก์', '0000-00-00', '', 3, 1, '2014-08-26', NULL, ''),
(132, 196, 'สืบพยานโจทก์และจำเลย', '0000-00-00', '', 5, 2, '2014-08-27', NULL, ''),
(133, 1010, 'สืบพยานโจทก์', '0000-00-00', '', 2, 1, '2014-10-15', NULL, ''),
(134, 2922, 'สืบพยานโจทก์', '2014-10-30', 'ศย 305.017/4502', 5, 1, '2014-10-21', NULL, ''),
(135, 2922, 'สืบพยานโจทก์', '2014-10-30', 'ศย 305.017/4502', 2, 2, '2014-10-22', NULL, ''),
(136, 2922, 'นัดสืบพยานโจทก์/จำเลย', '2014-10-30', 'ศย 305.017/4502', 2, 3, '2014-10-24', NULL, ''),
(137, 2594, 'นัดไต่สวน', '2014-10-31', '305.003/13653', 2, 1, '2014-10-28', NULL, ''),
(138, 1057, 'สืบพยานโจทก์จำเลย', '0000-00-00', '', 5, 1, '2014-09-16', NULL, ''),
(139, 1370, 'สืบพยานโจทก์ประกอบคำรับสารภาพ', '0000-00-00', 'ศย.305.009/8012', 2, 1, '2014-08-04', NULL, ''),
(140, 2951, 'สืบพยานโจทก์', '0000-00-00', '', 2, 1, '2014-08-14', NULL, ''),
(142, 194, 'สืบพยานโจทก์-จำเลย', '0000-00-00', 'ศย.305.009/8013', 2, 2, '2014-08-01', NULL, ''),
(141, 194, 'สืบพยานโจทก์', '0000-00-00', '', 3, 1, '2014-07-31', NULL, ''),
(143, 3025, 'สืบพยานโจทก์', '0000-00-00', '', 3, 1, '2014-11-04', NULL, ''),
(144, 1507, 'สืบพยานโจทก์', '0000-00-00', '305.009/7992', 2, 1, '2014-10-09', NULL, ''),
(145, 2396, 'ฟังคำพิพากษา', '2014-10-29', '', 0, 1, '2014-10-29', NULL, ''),
(146, 3077, 'สืบพยานโจทก์-จำเลย', '0000-00-00', '', 0, 1, '2014-07-03', NULL, ''),
(147, 1529, 'สืบพยาน', '0000-00-00', '', 4, 1, '2014-09-29', NULL, ''),
(148, 2399, 'ฟังคำพิพากษา', '2014-10-29', '', 0, 1, '2014-10-29', NULL, ''),
(149, 2397, 'นัดฟังคำพิพากษา', '2014-10-29', '', 0, 1, '2014-10-29', NULL, ''),
(150, 2400, 'นัดฟังคำพิพากษา', '2014-10-29', '', 0, 1, '2014-10-29', NULL, ''),
(151, 2325, 'นัดฟังคำพิพากษา', '2014-10-29', '', 0, 1, '2014-10-29', NULL, ''),
(152, 2323, 'นัดฟังคำพิพากษา', '2014-10-29', '', 0, 1, '2014-10-29', NULL, ''),
(153, 2318, 'นัดฟังคำพิพากษา', '2014-10-29', '', 0, 1, '2014-10-29', NULL, ''),
(154, 2324, 'นัดฟังคำพิพากษา', '2014-10-29', '', 0, 1, '2014-10-29', NULL, ''),
(155, 2394, 'นัดฟังคำพิพากษา', '2014-10-29', '', 0, 1, '2014-10-29', NULL, ''),
(156, 2326, 'ฟังคำพิพากษา', '2014-10-29', '', 0, 1, '2014-10-29', NULL, ''),
(157, 2393, 'นัดฟังคำพิพากษา', '2014-10-29', '', 0, 1, '2014-10-29', NULL, ''),
(158, 2398, 'นัดฟังคำพิพากษา', '2014-10-29', '', 0, 1, '2014-10-29', NULL, ''),
(159, 2390, 'นัดฟังคำพิพากษา', '2014-10-29', '', 0, 1, '2014-10-29', NULL, ''),
(160, 2395, 'นัดฟังคำพิพากษา', '2014-10-29', '', 0, 1, '2014-10-29', NULL, ''),
(161, 2389, 'นัดฟังคำพิพากษา', '2014-10-29', '', 0, 1, '2014-10-29', NULL, ''),
(162, 195, 'นัดสือบพยาน', '2014-11-17', 'ศย305.009/8291', 6, 1, '2014-09-25', NULL, ''),
(163, 2194, 'สืบพยานโจทก์ประกอบคำรับสารภาพ', '0000-00-00', '', 2, 1, '2014-09-15', NULL, ''),
(164, 2402, 'นัดฟังคำพิพากษา', '2014-10-29', '', 0, 1, '2014-10-29', NULL, ''),
(165, 2387, 'นัดฟังคำพิพากษา', '2014-10-29', '', 0, 1, '2014-10-29', NULL, ''),
(166, 3140, 'สืบพยานโจทก์ประกอบคำรับสารภาพ', '0000-00-00', '', 2, 1, '2014-09-01', NULL, ''),
(167, 3119, 'สืบพยานโจทก์', '2014-12-09', 'ศย305.009/8823', 2, 1, '2014-11-10', NULL, ''),
(168, 2388, 'นัดฟังคำพิพากษา', '2014-10-29', '', 0, 1, '2014-10-22', NULL, ''),
(169, 2401, 'นัดฟังคำพิพากษา', '2014-10-29', '', 0, 1, '2014-10-29', NULL, ''),
(170, 2392, 'นัดฟังคำพิพากษา', '2014-10-29', '', 0, 1, '2014-10-29', NULL, ''),
(171, 2391, 'นัดฟังคำพิพากษา', '2014-10-29', '', 0, 1, '2014-10-29', NULL, ''),
(172, 2608, '', '0000-00-00', '', 0, 2, '0000-00-00', NULL, ''),
(175, 3218, 'สืบพยานจำเลย', '2014-11-10', 'ศย 305.017/4631', 2, 3, '2014-10-03', NULL, ''),
(174, 3218, 'สืบพยานโจทก์', '2014-11-10', 'ศย 305.017/4631', 1, 2, '2014-10-03', NULL, ''),
(173, 3218, 'สืบพยานโจทก์', '2014-11-10', 'ศย 305.017/4631', 2, 1, '2014-08-05', NULL, ''),
(176, 2242, 'นัดสืบพยานโจทก์', '2014-11-14', 'ศย 305.017/4708', 2, 1, '2014-11-03', NULL, ''),
(177, 1789, 'นัดสืบพยานโจทก์', '2014-11-14', 'ศย 305.017/4707', 2, 1, '2014-11-11', NULL, ''),
(178, 218, 'นัดสืบพยานโจทก์', '2014-11-19', 'ศย 305.017/4778', 2, 1, '2014-07-03', NULL, ''),
(179, 218, 'นัดสืบพยานโจทก์', '2014-11-19', 'ศย 305.017/4778', 2, 2, '2014-10-14', NULL, ''),
(180, 218, 'นัดสืบพยานโจทก์', '2014-11-19', 'ศย 305.017/4778', 1, 3, '2014-11-11', NULL, ''),
(182, 3219, 'นัดสืบพยานจำเลย', '2014-11-19', 'ศย 305.017/4779', 1, 2, '2014-11-12', NULL, ''),
(181, 3219, 'นัดสืบพยานโจทก์', '2014-11-19', 'ศย 305.017/4779', 3, 1, '2014-09-12', NULL, ''),
(183, 3222, 'นัดฟังคำพิพากษา', '2014-09-30', '', 0, 1, '2014-09-30', NULL, ''),
(184, 3223, '', '0000-00-00', '', 0, 1, '0000-00-00', NULL, ''),
(185, 3224, '', '0000-00-00', '', 0, 1, '0000-00-00', NULL, ''),
(186, 2700, 'นัดฟังคำพิพากษา', '2014-11-11', '', 0, 1, '2014-11-11', NULL, ''),
(187, 2699, 'นัดฟังคำพิพากษา', '2014-11-11', '', 0, 1, '2014-11-11', NULL, ''),
(188, 2697, 'นัดฟังคำพิพากษา', '0000-00-00', '', 0, 1, '2014-11-11', NULL, ''),
(192, 3229, 'สืบพยาน', '2014-11-20', 'ศย305.009/8375', 9, 1, '2014-05-29', NULL, ''),
(193, 3231, 'สืบพยานโจทก์ประกอบคำรับสารภาพของจำเลย', '2014-11-21', 'ศย 305.017/4800', 2, 1, '2014-11-18', NULL, ''),
(194, 1911, 'นัดสืบพยานโจทก์', '2014-11-24', 'ศย 305.017/4814', 2, 1, '2014-10-14', NULL, ''),
(195, 1911, 'นัดสืบพยานโจทก์', '2014-11-24', 'ศย 305.017/4814', 2, 2, '2014-10-14', NULL, ''),
(196, 1911, 'นัดสืบพยานจำเลย', '2014-11-24', 'ศย 305.017/4814', 2, 3, '2014-10-14', NULL, ''),
(197, 3239, 'ไต่สวนคำร้อง', '0000-00-00', '', 0, 1, '2014-12-09', NULL, ''),
(198, 1026, 'สืบพยานโจทก์', '2014-11-25', 'ศย 305.017/4827', 2, 1, '2014-10-01', NULL, ''),
(199, 1026, 'สืบพยานโจทก์และจำเลย', '2014-11-25', 'ศย 305.017/4827', 6, 2, '2014-11-05', NULL, ''),
(200, 3265, 'สืบพยานโจทก์ประกอบคำรับสารภาพ', '0000-00-00', '', 2, 1, '2014-08-25', NULL, ''),
(202, 996, 'สืบพยานโจทก์-จำเลย', '2014-11-27', 'ศย305.009/8547', 5, 2, '2014-10-24', NULL, ''),
(201, 996, 'สืบพยานโจทก์', '0000-00-00', '', 4, 1, '2014-10-16', NULL, ''),
(203, 3115, 'นัดสืบพยานโจทก์', '2014-11-26', 'ศย305.009/8545', 2, 1, '2014-10-27', NULL, ''),
(204, 3290, 'ไต่สวนมูลฟ้อง', '2014-11-28', '305.003/13951', 1, 1, '2014-11-25', NULL, ''),
(205, 1788, 'สืบพยานโจทก์', '2014-12-01', 'ศย 305.017/4871', 1, 1, '2014-10-06', NULL, ''),
(206, 1788, 'สืบพยานโจทก์', '2014-12-01', 'ศย 305.017/4871', 1, 2, '2014-11-24', NULL, ''),
(208, 2198, 'สืบพยานจำเลย', '2014-12-01', 'ศย.305.009/8627', 3, 2, '2014-11-07', NULL, ''),
(207, 2198, 'สืบพยานโจทก์', '2014-12-01', 'ศย.305.009/8627', 2, 1, '2014-11-07', NULL, ''),
(209, 3307, 'สืบพยานโจทก์', '2014-12-01', 'ศย.305.009/8593', 4, 1, '2014-10-17', NULL, ''),
(210, 3307, 'สืบพยาน', '2014-12-01', 'ศย.305.009/8593', 4, 2, '2014-10-17', NULL, ''),
(211, 2685, '', '0000-00-00', 'ศย305.009/8697', 0, 1, '0000-00-00', NULL, ''),
(212, 3341, 'นัดสืบพยานโจทก์', '2014-12-04', 'ศย 305.017/4945', 4, 1, '2014-11-25', NULL, ''),
(213, 3341, 'นัดสืบพยานจำเลย', '2014-12-04', 'ศย 305.017/4945', 2, 2, '2014-11-26', NULL, ''),
(214, 3114, 'สืบพยาน', '0000-00-00', 'ศย.305.009/8746', 0, 1, '0000-00-00', NULL, ''),
(217, 3397, 'สืบพยานจำเลย', '2014-12-09', 'ศย 305.017/5015', 1, 3, '2014-11-25', NULL, ''),
(216, 3397, 'สืบพยานโจทก์', '2014-12-09', 'ศย 305.017/5015', 5, 2, '2014-11-19', NULL, ''),
(215, 3397, 'สืบพยานโจทก์', '2014-12-09', 'ศย 305.017/5015', 1, 1, '2014-11-18', NULL, ''),
(218, 1064, 'นัดพร้อม', '0000-00-00', '', 0, 1, '2014-10-14', NULL, ''),
(219, 3398, 'สืบพยานโจทก์', '0000-00-00', '', 3, 1, '2014-09-02', NULL, ''),
(220, 3398, 'ฟังคำพิพากษา', '0000-00-00', '', 0, 2, '2014-10-15', NULL, ''),
(221, 3034, 'ไต่สวนคำร้อง', '0000-00-00', '', 1, 1, '2014-11-17', NULL, ''),
(222, 3407, 'สืบพยานโจทก์', '0000-00-00', '', 0, 1, '2014-07-08', NULL, ''),
(223, 3407, 'ฟังคำพิพากษา', '0000-00-00', '', 0, 2, '2014-10-30', NULL, ''),
(224, 1059, 'นัดพร้อม', '0000-00-00', '', 0, 1, '2014-10-30', NULL, ''),
(225, 1062, 'สืบพยานโจทก์', '0000-00-00', '', 0, 1, '2014-11-18', NULL, ''),
(226, 1061, 'สืบพยานโจทก์', '0000-00-00', '', 0, 1, '2014-09-19', NULL, ''),
(227, 3420, 'ฟังคำพิพากษา', '0000-00-00', '', 0, 1, '2014-11-27', NULL, ''),
(228, 3431, 'ฟังคำพิพากษา', '0000-00-00', '', 0, 1, '2014-08-27', NULL, ''),
(229, 2197, 'นัดพร้อม', '0000-00-00', '', 0, 1, '2014-09-01', NULL, ''),
(230, 1507, 'ฟังคำพิพากษา', '0000-00-00', '', 0, 2, '2014-11-26', NULL, ''),
(231, 2192, 'นัดพร้อม', '0000-00-00', '', 0, 1, '2014-09-02', NULL, ''),
(232, 2192, 'สืบพยานโจทก์', '0000-00-00', '', 0, 2, '2014-10-21', NULL, ''),
(233, 2192, 'สืบพยานโจทก์', '0000-00-00', '', 0, 3, '2014-12-22', NULL, ''),
(234, 2192, 'สืบพยานจำเลย', '0000-00-00', '', 0, 4, '2014-10-28', NULL, ''),
(235, 2192, 'นัดฟังคำพิพากษา', '2014-12-16', '', 0, 5, '2014-12-16', NULL, ''),
(236, 2770, 'สืบพยานโจทก์ประกอบคำรับสารภาพ', '0000-00-00', '', 2, 1, '2014-10-20', NULL, ''),
(237, 3191, 'สืบพยานโจทก์ประกอบคำรับสารภาพ', '0000-00-00', '', 1, 1, '2014-12-08', NULL, ''),
(238, 1647, 'สืบพยานโจทก์', '0000-00-00', '', 5, 1, '2014-12-02', NULL, ''),
(239, 1647, 'สืบพยานโจทก์', '0000-00-00', '', 1, 2, '2014-12-03', NULL, ''),
(240, 1647, 'สืบพยานโจทก์และจำเลย', '0000-00-00', '', 3, 3, '2014-12-04', NULL, ''),
(241, 1647, 'ฟังคำพิพากษา', '0000-00-00', '', 0, 4, '2015-01-16', NULL, ''),
(242, 3651, 'สืบพยานโจทก์', '0000-00-00', '', 4, 1, '2014-11-11', NULL, ''),
(243, 3651, 'สืบพยานโจทก์และจำเลย', '0000-00-00', '', 4, 2, '2014-11-12', NULL, ''),
(244, 3651, 'สืบพยานจำเลย', '0000-00-00', '', 2, 3, '2014-11-13', NULL, ''),
(245, 3651, 'ฟังคำพิพากษา', '0000-00-00', '', 0, 4, '2015-01-28', NULL, ''),
(246, 4116, 'ไต่สวนมูลฟ้อง', '2015-02-09', '', 2, 1, '2015-02-09', NULL, ''),
(247, 3503, 'สืบพยานโจทก์ประกอบคำรับสารภาพ', '0000-00-00', '', 3, 1, '2015-02-09', NULL, ''),
(248, 3287, 'นัดต่อเนื่อง', '0000-00-00', '', 7, 1, '2015-02-19', NULL, ''),
(249, 3558, 'นัดไต่สวนมูลฟ้อง', '2015-03-31', 'ศย 305.003/4223', 1, 1, '2015-03-25', NULL, ''),
(250, 3856, 'สอบคำให้การและตรวจพยานหลักฐาน', '0000-00-00', '', 0, 1, '2015-02-09', NULL, ''),
(251, 2686, 'สืบพยานโจทก์', '0000-00-00', '', 6, 1, '2014-12-16', NULL, ''),
(252, 2686, 'สืบพยานโจทก์และจำเลย', '0000-00-00', '', 4, 2, '2014-12-17', NULL, ''),
(253, 2686, 'ฟังคำพิพากษา', '0000-00-00', '', 0, 3, '2015-03-10', NULL, ''),
(254, 3503, 'ฟังคำพิพากษา', '0000-00-00', '', 0, 2, '2015-03-24', NULL, ''),
(258, 2587, 'สืบพยานจำเลย', '0000-00-00', '', 1, 4, '2015-03-13', NULL, ''),
(257, 2587, 'สืบพยานจำเลย', '0000-00-00', '', 5, 3, '2015-03-06', NULL, ''),
(256, 2587, 'สืบพยานโจทก์', '0000-00-00', '', 3, 2, '2015-03-05', NULL, ''),
(255, 2587, 'สืบพยานโจทก์', '0000-00-00', '', 4, 1, '2015-03-03', NULL, ''),
(259, 1668, 'สืบพยานผู้ร้อง', '2015-03-31', 'ศย 305.017/1348', 2, 1, '2014-12-03', NULL, ''),
(260, 1668, 'สืบพยานผู้คัดค้าน', '2015-03-31', 'ศย 305.017/1348', 4, 2, '2015-02-27', NULL, ''),
(261, 3410, 'สืบพยานประกอบคำรับสารภาพ', '0000-00-00', '', 2, 1, '2015-04-23', NULL, ''),
(262, 4523, 'สืบพยานโจทก์', '0000-00-00', '', 2, 1, '2014-04-02', NULL, ''),
(263, 4523, 'สืบพยานโจทก์', '0000-00-00', '', 1, 2, '2014-11-25', NULL, ''),
(264, 4523, 'สืบพยานโจทก์', '0000-00-00', '', 5, 3, '2014-11-26', NULL, ''),
(265, 4523, 'สืบพยานโจทก์', '0000-00-00', '', 3, 4, '2014-11-27', NULL, ''),
(266, 4523, 'สืบพยานโจทก์', '0000-00-00', '', 4, 5, '2014-11-28', NULL, ''),
(267, 4523, 'สืบพยานโจทก์', '0000-00-00', '', 1, 6, '2015-01-29', NULL, ''),
(268, 4523, 'สืบพยานโจทก์และจำเลย', '0000-00-00', '', 3, 7, '2015-03-30', NULL, ''),
(269, 1246, 'ไต่สวนคำร้อง', '0000-00-00', '', 1, 1, '2015-03-30', NULL, ''),
(270, 4575, 'นัดสืบพยานโจทก์', '2015-04-17', 'ศย 503.017/1516', 3, 1, '2015-03-12', NULL, ''),
(271, 4575, 'นัดสืบพยานจำเลย', '2015-04-17', 'ศย 503.017/1516', 2, 2, '2015-03-13', NULL, ''),
(272, 4633, 'นัดสืบพยานโจทก์/จำเลย', '2015-04-23', 'ศย 305.017/1593', 4, 1, '2015-04-10', NULL, ''),
(273, 4642, 'นัดสืบพยานโจทก์', '2015-04-24', 'ศย 305.017/1633', 1, 1, '2015-02-10', NULL, ''),
(274, 4642, 'นัดสืบพยานโจทก์', '2015-04-24', 'ศย 305.017/1633', 2, 2, '2015-02-11', NULL, ''),
(275, 4642, 'นัดสืบพยานโจทก์', '2015-04-24', 'ศย 305.017/1633', 2, 3, '2015-03-06', NULL, ''),
(276, 4642, 'นัดสืบพยานจำเลย', '2015-04-24', 'ศย 305.017/1633', 4, 4, '2015-03-17', NULL, ''),
(277, 4501, 'โจทก์', '0000-00-00', '', 8, 1, '2015-02-10', NULL, ''),
(278, 4501, 'จำเลย', '0000-00-00', '', 2, 2, '2015-02-12', NULL, ''),
(279, 3369, 'สืบโจทก์', '0000-00-00', '', 2, 1, '2015-03-09', NULL, ''),
(280, 3369, 'สืบจำเลย', '0000-00-00', '', 1, 2, '2015-03-09', NULL, ''),
(281, 3824, 'สืบพยานโจทก์', '0000-00-00', '', 2, 1, '2015-03-16', NULL, ''),
(282, 1226, 'สืบพยานโจทก์', '0000-00-00', '', 2, 1, '2015-03-17', NULL, ''),
(283, 1226, 'สืบพยานจำเลย', '0000-00-00', '', 1, 2, '2015-03-17', NULL, ''),
(284, 3344, 'สืบพยานโจทก์', '0000-00-00', '', 2, 1, '2015-05-27', NULL, ''),
(285, 3288, 'สืบพยานโจทก์', '0000-00-00', '', 2, 1, '2015-04-20', NULL, ''),
(286, 3652, 'สืบพยานโจทก์', '2015-05-06', 'ศย 305.017/1763', 4, 1, '2015-04-09', NULL, ''),
(287, 3652, 'สืบพยานจำเลย', '2015-05-06', 'ศย 305.017/1763', 2, 2, '2015-04-09', NULL, ''),
(288, 4750, 'นัดสืบพยานโจทก์/จำเลย', '2015-05-08', 'ศย 305.017/1805', 5, 1, '2015-04-23', NULL, ''),
(290, 3214, 'สืบพยานโจทก์ประกอบคำรับสารภาพ', '0000-00-00', '', 2, 2, '2015-05-11', NULL, ''),
(289, 3214, 'สืบพยานโจทก์ประกอบคำรับสารภาพ', '0000-00-00', '', 0, 1, '2015-02-16', NULL, ''),
(291, 46, 'สืบพยานโจทก์', '0000-00-00', '', 2, 1, '2014-09-02', NULL, ''),
(292, 46, 'สืบพยานโจทก์', '0000-00-00', '', 3, 2, '2014-09-03', NULL, ''),
(293, 46, 'สืบพยานโจทก์', '0000-00-00', '', 1, 3, '2014-11-24', NULL, ''),
(294, 46, 'สืบพยานโจทก์', '0000-00-00', '', 1, 4, '2016-02-23', NULL, ''),
(295, 46, 'สืบพยานจำเลย', '0000-00-00', '', 3, 5, '2015-05-11', NULL, ''),
(296, 4891, 'นัดสืบพยานผู้ร้อง', '2015-05-25', 'ศย 305.017/2111', 3, 1, '2015-05-06', NULL, ''),
(297, 4891, 'นัดสืบพยานผู้คัดค้าน', '2015-05-25', 'ศย 305.017/2111', 4, 2, '2015-05-07', NULL, ''),
(298, 3505, 'จัดการพิเศษ สืบพยานโจทก์ประกอบคำรับสารภาพ', '0000-00-00', '', 3, 1, '2015-05-25', NULL, ''),
(299, 3210, 'นัดสืบพยานโจทก์', '2015-06-08', '', 6, 1, '2015-04-30', NULL, ''),
(300, 3210, 'นัดสืบพยานจำเลย', '2015-06-08', '', 1, 2, '2015-05-01', NULL, ''),
(301, 3411, 'สืบพยานโจทก์', '0000-00-00', '', 2, 1, '2015-05-21', NULL, ''),
(302, 3348, 'สืบพยานโจทก์จำเลย', '0000-00-00', '', 4, 1, '2015-05-14', NULL, ''),
(303, 2688, 'สืบพยานโจทก์', '0000-00-00', '', 4, 1, '2015-03-24', NULL, ''),
(304, 2688, 'สืบพยานโจทก์และจำเลย', '0000-00-00', '', 3, 2, '2015-03-25', NULL, ''),
(305, 5132, '', '0000-00-00', '', 0, 1, '0000-00-00', NULL, ''),
(306, 5148, 'นัดพร้อม', '2015-06-15', '', 0, 1, '2015-06-15', NULL, ''),
(307, 5148, 'นัดพร้อม', '0000-00-00', '', 0, 2, '2015-06-30', NULL, ''),
(308, 5237, 'สืบพยานประกอบคำรับสารภาพจำเลย', '2015-06-29', 'ศย 305.017/2702', 3, 1, '2015-06-23', NULL, ''),
(309, 3781, 'สืบพยานโจทก์', '0000-00-00', '', 2, 1, '2015-06-23', NULL, ''),
(310, 3214, 'ฟังคำพิพากษา', '0000-00-00', '', 0, 3, '2015-06-11', NULL, ''),
(311, 5349, 'ไต่สวนคำร้อง', '0000-00-00', '', 0, 1, '2015-07-28', NULL, ''),
(312, 4628, 'สืบพยานโจทก์', '0000-00-00', '', 3, 1, '2015-06-22', NULL, ''),
(313, 4637, 'สืบพยานโจทก์ประกอบคำรับสารภาพของจำเลย', '2015-07-23', 'ศย 305.017/3224', 3, 1, '2015-06-30', NULL, ''),
(314, 3121, 'สืบพยานโจทก์', '0000-00-00', '', 4, 1, '2015-05-06', NULL, ''),
(315, 3121, 'สืบพยานจำเลย', '0000-00-00', '', 3, 2, '2015-05-07', NULL, ''),
(316, 4822, 'สืบพยานโจทก์ประกอบคำรับสารภาพฯ', '0000-00-00', '', 2, 1, '2015-07-20', NULL, ''),
(317, 4123, 'นัดสืบพยานโจทก์ ', '0000-00-00', '', 5, 1, '2015-07-07', NULL, ''),
(318, 4123, 'นัดสืบพยานโจทก์และพยานจำเลย ', '0000-00-00', '', 3, 2, '2015-07-08', NULL, ''),
(319, 2867, 'สืบพยานโจทก์', '0000-00-00', '', 10, 1, '2015-05-26', NULL, ''),
(320, 2867, 'สืบพยานจำเลย', '0000-00-00', '', 2, 2, '2015-05-29', NULL, ''),
(321, 3686, 'สืบพยานโจทก์จำเลย', '0000-00-00', '', 5, 1, '2015-05-12', NULL, ''),
(322, 5116, 'สืบพยานโจทก์ประกอบคำรับสารภาพของจำเลย', '2015-08-05', 'ศย 305.017/3398', 4, 1, '2015-07-06', NULL, ''),
(323, 3685, 'สืบพยานโจทก์', '0000-00-00', '', 4, 1, '2015-07-21', NULL, ''),
(324, 3685, 'สืบพยานโจทก์', '0000-00-00', '', 5, 2, '2015-07-22', NULL, ''),
(325, 3685, 'สืบพยานโจทก์', '0000-00-00', '', 3, 3, '2015-07-23', NULL, ''),
(326, 3685, 'สืบพยานโจทก์', '0000-00-00', '', 4, 4, '2015-07-24', NULL, ''),
(327, 3685, 'สืบพยานจำเลย', '0000-00-00', '', 1, 5, '2015-07-24', NULL, ''),
(328, 5173, 'สืบพยานโจทก์ประกอบคำรับสารภาพ', '0000-00-00', '', 3, 1, '2015-08-11', NULL, ''),
(329, 3922, 'สืบพยานโจทก์ประกอบคำรับสารภาพ', '0000-00-00', '', 3, 1, '2015-08-28', NULL, ''),
(330, 4731, 'สืบพยานโจทก์ประกอบคำรับสารภาพ', '0000-00-00', '', 2, 1, '2015-07-27', NULL, ''),
(331, 5778, 'ไต่สวนคำร้อง', '0000-00-00', '', 0, 1, '2015-09-29', NULL, ''),
(332, 3046, 'สืบพยานโจทก์', '0000-00-00', '', 4, 1, '2015-07-17', NULL, ''),
(333, 3046, 'สืบพยานโจทก์', '0000-00-00', '', 5, 2, '2015-07-23', NULL, ''),
(334, 3046, 'สืบพยานจำเลย', '0000-00-00', '', 3, 3, '2015-08-27', NULL, ''),
(335, 5841, 'นัดสืบประกอบคำรับสารภาพ', '2015-08-27', 'ศย 305.017/3638', 3, 1, '2015-07-14', NULL, ''),
(336, 5842, 'นัดสืบประกอบคำรับสารภาพ', '2015-08-27', 'ศย 305.017/3638', 4, 1, '2015-07-20', NULL, ''),
(337, 4727, 'นัดสืบพยานโจทก์ประกอบคำรับสารภาพของจำเลย ', '0000-00-00', '', 3, 1, '2015-09-01', NULL, ''),
(338, 5197, 'ไต่สวนพยานผู้ร้อง', '2015-09-09', 'ศย 305.017/3835', 5, 1, '2015-08-17', NULL, ''),
(339, 5952, 'นัดสืบพยานโจทก์', '2015-09-11', 'ศย 305.023/2558', 2, 1, '2015-10-14', NULL, ''),
(340, 6093, 'สืบพยานโจทก์ประกอบคำรับสารภาพของจำเลย', '2015-09-22', 'ศย 305.017/4018', 2, 1, '2015-08-03', NULL, ''),
(341, 6094, 'นัดสืบพยานโจทก์ประกอบคำรับสารภาพของจำเลย', '2015-09-22', 'ศย 305.017/4019', 2, 1, '2015-07-29', NULL, ''),
(342, 4204, 'สืบพยานโจทก์', '0000-00-00', '', 3, 1, '2015-07-16', NULL, ''),
(343, 4204, 'สืบพยานจำเลย', '0000-00-00', '', 1, 2, '2015-07-16', NULL, ''),
(344, 4889, 'สืบพยานโจทก์', '0000-00-00', '', 4, 1, '2015-09-15', NULL, ''),
(345, 4889, 'สืบพยานโจทก์', '0000-00-00', '', 4, 2, '2015-09-16', NULL, ''),
(346, 4889, 'สืบพยานโจทก์', '0000-00-00', '', 2, 3, '2015-09-17', NULL, ''),
(347, 4889, 'สืบพยานจำเลย', '0000-00-00', '', 6, 4, '2015-09-18', NULL, ''),
(348, 6170, 'สืบพยานโจทก์', '2015-09-29', 'ศย 305.017/4120', 3, 1, '2015-07-21', NULL, ''),
(349, 6170, 'สืบพยานโจทก์/จำเลย', '2015-09-29', 'ศย 305.017/4120', 3, 2, '2015-08-11', NULL, ''),
(350, 6194, 'ไต่สวนคำร้อง', '2015-09-30', 'ศย 305.017/4175', 4, 1, '2015-08-24', NULL, ''),
(351, 6195, 'ไต่สวนคำร้อง', '2015-09-30', 'ศย 305.017/4175', 4, 1, '2015-09-14', NULL, ''),
(352, 4027, 'สืบพยานโจทก์', '0000-00-00', '', 2, 1, '2015-07-14', NULL, ''),
(353, 4027, 'สืบพยานโจทก์', '0000-00-00', '', 3, 2, '2015-07-15', NULL, ''),
(354, 4027, 'สืบพยานจำเลย', '0000-00-00', '', 3, 3, '2015-07-16', NULL, ''),
(355, 4027, 'สืบพยานจำเลย', '0000-00-00', '', 4, 4, '2015-09-18', NULL, ''),
(356, 5168, ' สืบพยานโจทก์ประกอบคำรับสารภาพ', '0000-00-00', '', 2, 1, '2015-10-05', NULL, ''),
(357, 6263, '01-aa', '2015-10-12', '11aa', 11, 1, '2015-10-11', '2015-10-16', 'Pak-1610');

-- --------------------------------------------------------

--
-- Table structure for table `info_appointments2`
--

DROP TABLE IF EXISTS `info_appointments2`;
CREATE TABLE IF NOT EXISTS `info_appointments2` (
  `id` int(11) NOT NULL,
  `case_id` int(11) NOT NULL,
  `name` text CHARACTER SET utf8 NOT NULL,
  `date_sent` date DEFAULT NULL,
  `number_sent` text CHARACTER SET utf8 NOT NULL,
  `ordering` int(11) NOT NULL,
  `date_app` date DEFAULT NULL,
  `date_app_time` text CHARACTER SET utf8 NOT NULL,
  `date_received` date DEFAULT NULL,
  `number_received` text CHARACTER SET utf8 NOT NULL
) ENGINE=MyISAM AUTO_INCREMENT=14 DEFAULT CHARSET=latin1;

--
-- Dumping data for table `info_appointments2`
--

INSERT INTO `info_appointments2` (`id`, `case_id`, `name`, `date_sent`, `number_sent`, `ordering`, `date_app`, `date_app_time`, `date_received`, `number_received`) VALUES
(1, 14, 'ฟังคำสั่ง', '2014-01-16', '123456789', 1, '2014-01-16', '09.00', NULL, ''),
(2, 15, 'นักสืบพยานจำเลย', '2014-01-04', '99/2556', 1, '2014-01-05', ' 9.00', NULL, ''),
(3, 13, 'นัดร่วม', '2013-05-29', 'ศย 305.011/2894', 1, '2013-08-06', '9.00 น', NULL, ''),
(4, 7, 'นัดสืบ', '2014-01-16', 'ศย 305.014/1689', 1, '2013-12-03', '13.30 น.', NULL, ''),
(5, 18, 'นัดพร้อม', '2013-05-01', 'ศย.305.022/813', 1, '2013-05-16', '09.00', NULL, ''),
(6, 16, 'นัดสอบถาม', '2013-09-04', 'ศย 305.016/2322', 1, '2013-06-26', '14.00', NULL, ''),
(7, 12, 'นัดไกล่เกลีย', '2013-07-19', 'ศย 305.003/3333', 1, '2013-07-16', '09.00', NULL, ''),
(8, 4116, 'ไต่สวนมูลฟ้อง', '2015-02-09', '', 1, '2015-02-09', '09.00 น.', NULL, ''),
(9, 4116, 'สอบคำให้การ', '0000-00-00', '', 2, '2015-03-26', '10.00 น.', NULL, ''),
(10, 3287, 'ฟังคำพิพากษา', '0000-00-00', '', 1, '2015-03-22', '09.00', NULL, ''),
(11, 5148, 'นัดพร้อม', '2015-06-15', '', 1, '2015-06-15', '09.00', NULL, ''),
(12, 5148, 'นัดพร้อม', '0000-00-00', '', 2, '2015-06-30', '09.00', NULL, ''),
(13, 6263, '22-bb', '2015-10-22', '22-bb-xx', 1, '2015-10-21', '21:00', NULL, '');

-- --------------------------------------------------------

--
-- Table structure for table `info_at`
--

DROP TABLE IF EXISTS `info_at`;
CREATE TABLE IF NOT EXISTS `info_at` (
  `id` int(11) NOT NULL,
  `name` text CHARACTER SET utf8 NOT NULL,
  `checked` int(11) DEFAULT '0',
  `copyied` int(11) DEFAULT '0',
  `regulared` int(11) DEFAULT '0'
) ENGINE=MyISAM AUTO_INCREMENT=10 DEFAULT CHARSET=latin1;

--
-- Dumping data for table `info_at`
--

INSERT INTO `info_at` (`id`, `name`, `checked`, `copyied`, `regulared`) VALUES
(0, '', 0, 0, 0),
(1, 'ทราบ', 0, 0, 0),
(2, 'ตรวจ', 1, 0, 0),
(3, 'ตรวจและรายงานกระบวนทุกนัด', 1, 0, 0),
(4, 'ตรวจและร่วมนั่งพิจารณาคดี', 1, 0, 0);

-- --------------------------------------------------------

--
-- Table structure for table `info_at_results`
--

DROP TABLE IF EXISTS `info_at_results`;
CREATE TABLE IF NOT EXISTS `info_at_results` (
  `id` int(11) NOT NULL,
  `name` text CHARACTER SET utf8 NOT NULL
) ENGINE=MyISAM AUTO_INCREMENT=2 DEFAULT CHARSET=latin1;

--
-- Dumping data for table `info_at_results`
--

INSERT INTO `info_at_results` (`id`, `name`) VALUES
(1, 'aaaaawwwwwww');

-- --------------------------------------------------------

--
-- Table structure for table `info_auto_received_nums`
--

DROP TABLE IF EXISTS `info_auto_received_nums`;
CREATE TABLE IF NOT EXISTS `info_auto_received_nums` (
  `id` int(11) NOT NULL,
  `type_id` int(11) NOT NULL,
  `year_val` int(11) NOT NULL,
  `number_val` int(11) NOT NULL
) ENGINE=InnoDB AUTO_INCREMENT=5 DEFAULT CHARSET=latin1;

--
-- Dumping data for table `info_auto_received_nums`
--

INSERT INTO `info_auto_received_nums` (`id`, `type_id`, `year_val`, `number_val`) VALUES
(4, 3, 2015, 1);

-- --------------------------------------------------------

--
-- Table structure for table `info_cases`
--

DROP TABLE IF EXISTS `info_cases`;
CREATE TABLE IF NOT EXISTS `info_cases` (
  `id` int(11) NOT NULL,
  `user_id` int(11) NOT NULL COMMENT 'ศาล',
  `type_id` int(11) NOT NULL COMMENT 'ประเภทคดี',
  `date_sent` date DEFAULT NULL COMMENT 'วันที่ส่ง',
  `number_sent` text CHARACTER SET utf8 NOT NULL COMMENT 'เลขที่ส่ง',
  `date_received` date DEFAULT NULL COMMENT 'วันที่ภาครับ',
  `number_received` text CHARACTER SET utf8 NOT NULL COMMENT 'เลขที่รับ',
  `date_received2` date DEFAULT NULL,
  `number_received2` text CHARACTER SET utf8 NOT NULL,
  `date_received3` date DEFAULT NULL,
  `number_received3` text CHARACTER SET utf8 NOT NULL,
  `date_sent2` date DEFAULT NULL,
  `number_sent2` text CHARACTER SET utf8 NOT NULL,
  `command_id` int(11) NOT NULL COMMENT 'คำสั่ง อธ.',
  `number_black` text CHARACTER SET utf8 NOT NULL COMMENT 'เลขดำ',
  `number_red` text CHARACTER SET utf8 NOT NULL COMMENT 'เลขแดง',
  `title` text CHARACTER SET utf8 NOT NULL COMMENT 'เรื่อง',
  `result` int(11) NOT NULL,
  `plaintiff` text CHARACTER SET utf8 NOT NULL COMMENT 'โจทก์',
  `defendant` text CHARACTER SET utf8 NOT NULL COMMENT 'จำเลย',
  `judge_id` int(11) NOT NULL,
  `judge2_id` int(11) NOT NULL,
  `judge3_id` int(11) NOT NULL,
  `date_ap` date DEFAULT NULL,
  `date_sent3` date DEFAULT NULL,
  `number_sent3` text CHARACTER SET utf8 NOT NULL,
  `date_case` date DEFAULT NULL,
  `topic_id` int(11) NOT NULL,
  `imprison_id` int(11) NOT NULL,
  `file1` text CHARACTER SET utf8 NOT NULL,
  `file2` text CHARACTER SET utf8 NOT NULL,
  `date_finish` date DEFAULT NULL,
  `date_read` date DEFAULT NULL,
  `accept_id` int(11) NOT NULL,
  `date_sent4` date DEFAULT NULL,
  `number_sent4` text CHARACTER SET utf8 NOT NULL,
  `date_received4` date DEFAULT NULL,
  `number_received4` text CHARACTER SET utf8 NOT NULL,
  `date_sent5` date DEFAULT NULL,
  `number_sent5` text CHARACTER SET utf8 NOT NULL,
  `date_modified` datetime DEFAULT NULL,
  `date_upload` date DEFAULT NULL,
  `note1` text CHARACTER SET utf8 NOT NULL,
  `note2` text CHARACTER SET utf8 NOT NULL,
  `note3` text CHARACTER SET utf8 NOT NULL,
  `judge4_id` int(11) NOT NULL DEFAULT '0',
  `topic_ids` varchar(255) DEFAULT '',
  `form1_note` text CHARACTER SET utf8,
  `form2_note` text CHARACTER SET utf8,
  `form3_note` text CHARACTER SET utf8,
  `form4_note` text CHARACTER SET utf8,
  `form5_note` text CHARACTER SET utf8,
  `judge_checkout1_id` int(11) DEFAULT '0',
  `judge_checkout2_id` int(11) DEFAULT '0',
  `date_at_received1` date DEFAULT NULL,
  `date_at_received2` date DEFAULT NULL,
  `auto_received_num` varchar(20) CHARACTER SET utf8 NOT NULL DEFAULT '',
  `no_case_sent` int(11) NOT NULL DEFAULT '0',
  `at_correct` int(11) DEFAULT '1',
  `at_result_id` int(11) DEFAULT '0',
  `capital` decimal(10,2) DEFAULT '0.00'
) ENGINE=MyISAM AUTO_INCREMENT=6280 DEFAULT CHARSET=latin1;

--
-- Dumping data for table `info_cases`
--

INSERT INTO `info_cases` (`id`, `user_id`, `type_id`, `date_sent`, `number_sent`, `date_received`, `number_received`, `date_received2`, `number_received2`, `date_received3`, `number_received3`, `date_sent2`, `number_sent2`, `command_id`, `number_black`, `number_red`, `title`, `result`, `plaintiff`, `defendant`, `judge_id`, `judge2_id`, `judge3_id`, `date_ap`, `date_sent3`, `number_sent3`, `date_case`, `topic_id`, `imprison_id`, `file1`, `file2`, `date_finish`, `date_read`, `accept_id`, `date_sent4`, `number_sent4`, `date_received4`, `number_received4`, `date_sent5`, `number_sent5`, `date_modified`, `date_upload`, `note1`, `note2`, `note3`, `judge4_id`, `topic_ids`, `form1_note`, `form2_note`, `form3_note`, `form4_note`, `form5_note`, `judge_checkout1_id`, `judge_checkout2_id`, `date_at_received1`, `date_at_received2`, `auto_received_num`, `no_case_sent`, `at_correct`, `at_result_id`, `capital`) VALUES
(6269, 3, 4, '2015-10-26', '', '2015-10-05', '511/2558', NULL, '', '2015-10-26', '333/2558', NULL, '', 2, 'อ.2/2558', '', 'วางระเบิด', 5, 'พนักงานอัยการ', 'นายทำผิด', 0, 287, 0, NULL, NULL, '', '2015-10-01', 0, 0, '', '', NULL, NULL, 0, '2015-10-08', '522/2558', '2015-10-01', 'addddd', NULL, '', NULL, NULL, '-', '', '', 294, '[151]', '-', 'test', NULL, NULL, NULL, 0, 0, NULL, NULL, '', 0, 1, 0, '0.00'),
(6268, 3, 3, '2015-10-26', '111', '2015-10-26', '1', NULL, '', '2015-10-26', '2226', '2015-10-06', 'qqqqq', 2, 'สว.1/2558', '', 'gggggggggggggg', 5, '222', '3333', 258, 0, 349, '2015-10-02', NULL, '', '2015-10-01', 0, 1, '', '', NULL, NULL, 1, '2015-10-21', '2', NULL, '', NULL, '', NULL, NULL, 'ggggggggggggggggg2', 'xxxxxxx', '', 0, '[119,120]', 'ccccccccccccccc', '-', NULL, NULL, NULL, 0, 0, NULL, NULL, '', 0, 1, 0, '0.00'),
(6270, 7, 4, '2015-10-26', '777', '2015-10-26', '123', NULL, '', '2015-10-27', '', '2015-10-26', '9012', 1, 'อ.5678/2558', '', 'กบฎ', 4, 'อัยการจังหวัดน่าน', 'นายจำเลย จริงจริง', 104, 0, 266, '2015-12-03', NULL, '', '2015-10-02', 0, 0, '', '', NULL, NULL, 0, '2015-10-26', '4567', NULL, '', NULL, '', NULL, NULL, 'ข', '-', '', 0, '[139]', NULL, NULL, NULL, NULL, NULL, 0, 0, NULL, NULL, '', 0, 1, 0, '0.00'),
(6271, 3, 5, '2015-10-26', '', NULL, '', NULL, '', NULL, '', NULL, '', 0, 'อด.111/111', '', '', 0, 'xxxxอด1', '11111', 0, 0, 0, NULL, NULL, '', NULL, 0, 0, '', '', NULL, NULL, 0, NULL, '', NULL, '', NULL, '', NULL, NULL, '', '', '', 0, '', NULL, NULL, NULL, NULL, NULL, 0, 0, NULL, NULL, '', 0, 1, 0, '0.00'),
(6273, 14, 1, '2015-10-29', '', NULL, '', NULL, '', NULL, '', NULL, '', 0, '', '', '', 0, '', '', 0, 0, 0, NULL, NULL, '', '2015-10-14', 0, 0, '', '', NULL, NULL, 0, NULL, '', NULL, '', NULL, '', NULL, NULL, '', '', '', 0, '', NULL, NULL, NULL, NULL, NULL, 0, 0, NULL, NULL, '', 1, 1, 0, '0.00'),
(6274, 3, 4, '2015-10-29', '22', NULL, '', NULL, '', '2015-10-29', '', '2015-10-08', '22', 0, 'อ.1/2558', '', '', 0, '', '', 336, 0, 333, '2015-10-01', NULL, '', '2015-10-02', 0, 1, '', '', NULL, NULL, 2, NULL, '', NULL, '', NULL, '', NULL, NULL, '', 'ข', '', 0, '', NULL, NULL, NULL, NULL, NULL, 0, 0, NULL, NULL, '', 0, 1, 0, '0.00'),
(6278, 7, 3, '2015-10-29', '', NULL, '', NULL, '', '2015-10-30', '', NULL, '', 0, 'สว.2/2558', '', '', 0, '', '', 0, 0, 0, NULL, NULL, '', NULL, 0, 0, '', '', NULL, NULL, 0, NULL, '', NULL, '', NULL, '', NULL, NULL, '', '', '', 0, '', NULL, NULL, NULL, NULL, NULL, 0, 0, NULL, NULL, 'สว.1/2558', 0, 1, 0, '0.00'),
(6279, 3, 1, '2015-10-30', 'wwwwwww', NULL, '', NULL, '', NULL, '', NULL, '', 2, 'ผบ.111/333', '', '', 0, '2', '', 0, 0, 0, NULL, NULL, '', NULL, 0, 0, '', '', NULL, NULL, 0, NULL, '', NULL, '', NULL, '', NULL, NULL, '', '', '', 0, '', NULL, NULL, NULL, NULL, NULL, 0, 0, NULL, NULL, '', 1, 0, 1, '75000.33');

-- --------------------------------------------------------

--
-- Table structure for table `info_groups`
--

DROP TABLE IF EXISTS `info_groups`;
CREATE TABLE IF NOT EXISTS `info_groups` (
  `id` int(11) NOT NULL,
  `name` text CHARACTER SET utf8 NOT NULL
) ENGINE=MyISAM AUTO_INCREMENT=6 DEFAULT CHARSET=latin1;

--
-- Dumping data for table `info_groups`
--

INSERT INTO `info_groups` (`id`, `name`) VALUES
(1, 'ความแพ่ง'),
(2, 'ความอาญา'),
(3, 'อื่นๆ'),
(4, 'คดีสาขา'),
(5, 'คดีนักท่องเที่ยว');

-- --------------------------------------------------------

--
-- Table structure for table `info_imprisons`
--

DROP TABLE IF EXISTS `info_imprisons`;
CREATE TABLE IF NOT EXISTS `info_imprisons` (
  `id` int(11) NOT NULL,
  `name` text CHARACTER SET utf8 NOT NULL
) ENGINE=MyISAM AUTO_INCREMENT=4 DEFAULT CHARSET=latin1;

--
-- Dumping data for table `info_imprisons`
--

INSERT INTO `info_imprisons` (`id`, `name`) VALUES
(0, ''),
(1, 'ขัง'),
(2, 'ไม่ขัง');

-- --------------------------------------------------------

--
-- Table structure for table `info_result`
--

DROP TABLE IF EXISTS `info_result`;
CREATE TABLE IF NOT EXISTS `info_result` (
  `id` int(11) NOT NULL,
  `name` text CHARACTER SET utf8 NOT NULL
) ENGINE=MyISAM AUTO_INCREMENT=11 DEFAULT CHARSET=latin1;

--
-- Dumping data for table `info_result`
--

INSERT INTO `info_result` (`id`, `name`) VALUES
(1, 'รับรายงานคดีจากศาลแล้ว'),
(2, 'เสนอรายงานคดี เพื่อให้อธิบดี ฯ พิจารณา'),
(3, 'อยู่ระหว่างจัดทำหนังสือรายงานคดีแจ้งศาล'),
(4, 'จัดส่งหนังสือแจ้งรายงานคดีแก่ศาลแล้ว'),
(5, 'รับสำนวนจากศาล'),
(6, 'อยู่ระหว่างการตรวจสำนวน'),
(7, 'ตรวจสำนวนเสร็จแล้ว'),
(8, 'ส่งสำนวนและร่างคืนศาล'),
(9, 'ได้รับสำเนาคำพิพากษาจากศาลแล้ว'),
(0, '');

-- --------------------------------------------------------

--
-- Table structure for table `info_settings`
--

DROP TABLE IF EXISTS `info_settings`;
CREATE TABLE IF NOT EXISTS `info_settings` (
  `id` int(11) NOT NULL,
  `name` varchar(50) NOT NULL,
  `value` text CHARACTER SET utf8 NOT NULL
) ENGINE=InnoDB AUTO_INCREMENT=7 DEFAULT CHARSET=latin1;

--
-- Dumping data for table `info_settings`
--

INSERT INTO `info_settings` (`id`, `name`, `value`) VALUES
(1, 'app_title', '(1,2,3)'),
(2, 'test', '11,123,33'),
(3, 'ssdfsdf', '[111,222,333]'),
(4, 'sdfsdfsfw', '[22,3,5,6]'),
(5, 'werw2', '[1, 2, 3]'),
(6, 'wr2', '[1;3;2]');

-- --------------------------------------------------------

--
-- Table structure for table `info_topics`
--

DROP TABLE IF EXISTS `info_topics`;
CREATE TABLE IF NOT EXISTS `info_topics` (
  `id` int(11) NOT NULL,
  `name` text CHARACTER SET utf8 NOT NULL,
  `code` text CHARACTER SET utf8 NOT NULL,
  `type_id` int(11) NOT NULL
) ENGINE=MyISAM AUTO_INCREMENT=377 DEFAULT CHARSET=latin1;

--
-- Dumping data for table `info_topics`
--

INSERT INTO `info_topics` (`id`, `name`, `code`, `type_id`) VALUES
(1, 'จัดการงานนอกสั่ง', '1', 2),
(2, 'ลาภมิควรได้', '2', 2),
(3, 'ละเมิด', '3', 2),
(4, 'ซื้อขาย', '4', 2),
(5, 'ขายฝาก', '5', 2),
(6, 'แลกเปลี่ยน', '6', 2),
(7, 'ให้', '7', 2),
(8, 'เช่าทรัพย์', '8', 2),
(9, 'เช่าซื้อ', '9', 2),
(10, 'จ้างแรงงาน', '10', 2),
(11, 'จ้างทำของ', '11', 2),
(12, 'รับขน', '12', 2),
(13, 'ยืม', '13', 2),
(14, 'ฝากทรัพย์', '14', 2),
(15, 'ค้ำประกัน', '15', 2),
(16, 'จำนอง', '16', 2),
(17, 'จำนำ', '17', 2),
(18, 'เก็บของในคลังสินค้า', '18', 2),
(19, 'ตัวแทน', '19', 2),
(20, 'นายหน้า', '20', 2),
(21, 'ประนีประนอมยอมความ', '21', 2),
(22, 'การพนันขันต่อ', '22', 2),
(23, 'บัญชีเดินสะพัด', '23', 2),
(24, 'ประกันวินาศภัย , ประกันภัยค้ำจุน', '24', 2),
(25, 'ประกันชีวิต', '25', 2),
(26, 'ขอจัดการมรดก', '26', 2),
(27, 'ขอแสดงกรรมสิทธิ์ในที่ดิน', '27', 2),
(28, 'สาบสูญ', '28', 2),
(29, 'ตั๋วเงิน', '29', 2),
(30, 'หุ้นส่วน', '30', 2),
(31, 'บริษัท', '31', 2),
(32, 'สมาคม', '32', 2),
(33, 'สัญญาอื่น ๆ', '33', 2),
(34, 'ที่ดิน', '34', 2),
(35, 'ขับไล่', '35', 2),
(36, 'ทางสาธารณะ', '36', 2),
(37, 'ทางจำเป็น', '37', 2),
(38, 'กรรมสิทธิ์รวม', '38', 2),
(39, 'ขอให้ลงชื่อและเป็นเจ้าของร่วมในโฉนด', '39', 2),
(40, 'ขอให้ส่งมอบโฉนดที่ดิน', '40', 2),
(41, 'ครอบครอง', '41', 2),
(42, 'ภาระจำยอม', '42', 2),
(43, 'สิทธิอาศัย', '43', 2),
(44, 'สิทธิเหนือพื้นดิน', '44', 2),
(45, 'สิทธิเก็บกิน', '45', 2),
(46, 'มรดก', '46', 2),
(47, 'ขอให้ถอนผู้จัดการมรดก', '47', 2),
(48, 'พินัยกรรม', '48', 2),
(49, 'เงินบำเหน็จ', '49', 2),
(50, 'บำเหน็จตกทอด', '50', 2),
(51, 'ธุรกิจเงินทุน', '51', 2),
(52, 'ตลาดหลักทรัพย์', '52', 2),
(53, 'นิติกรรมอำพราง', '53', 2),
(54, 'เพิกถอนนิติกรรม', '54', 2),
(55, 'หนี้', '55', 2),
(56, 'รับสภาพหนี้', '56', 2),
(57, 'รับช่วงสิทธิ', '57', 2),
(58, 'การใช้สิทธิเรียกร้องของลูกหนี้', '58', 2),
(59, 'เพิกถอนการฉ้อฉล', '59', 2),
(60, 'สิทธิยึดหน่วง', '60', 2),
(61, 'หักกลบลบหนี้', '61', 2),
(62, 'แปลงหนี้ใหม่', '62', 2),
(63, 'สัญญา', '63', 2),
(64, 'สัญญาต่างตอบแทน', '64', 2),
(65, 'ผิดสัญญาประกัน', '65', 2),
(66, 'ผิดสัญญาเล่นแชร์', '66', 2),
(67, 'เพิกถอนการจดทะเบียนโอนมรดก', '67', 2),
(68, 'เรียกค่าเสียหาย', '68', 2),
(69, 'อื่น ๆ', '69', 2),
(70, 'ซื้อขาย (บ้าน,อาคารพาณิชย์)', '01', 1),
(71, 'ซื้อขาย (อาคารชุด)', '02', 1),
(72, 'ซื้อขาย (ที่ดินเปล่า)', '03', 1),
(73, 'ซื้อขาย สินค้าอุปโภค', '04', 1),
(74, 'ซื้อขาย (อื่น ๆ)', '05', 1),
(75, 'เช่าทรัพย์ (บ้าน)', '06', 1),
(76, 'เช่าทรัพย์ (อาคารทรัพย์)', '07', 1),
(77, 'เช่าทรัพย์ (หอพัก)', '08', 1),
(78, 'เช่าทรัพย์ (สำนักงาน)', '09', 1),
(79, 'เช่าทรัพย์ (รถยนต์)', '010', 1),
(80, 'เช่าทรัพย์ (รถจักรยานยนต์)', '011', 1),
(81, 'เช่าทรัพย์ (อื่น ๆ)', '012', 1),
(82, 'เช่าซื้อ (รถยนต์)', '013', 1),
(83, 'เช่าซื้อ (รถจักรยานยนต์)', '014', 1),
(84, 'เช่าซื้อ (อื่น ๆ)', '015', 1),
(85, 'จ้างทำของ', '016', 1),
(86, 'รับทำของ', '017', 1),
(87, 'รับขน (บริการขนส่งทางบก)', '018', 1),
(88, 'รับขน (บริการขนส่งทางน้ำ)', '019', 1),
(89, 'รับขน (บริการขนส่งทางอากาศ)', '020', 1),
(90, 'สินเชื่อบุคคล/กู้ยืม/ค้ำประกัน', '021', 1),
(91, 'บัตรเครดิต', '022', 1),
(92, 'กองทุนให้กู้ยืมเพื่อการศึกษา', '023', 1),
(93, 'ประกันชีวิต', '024', 1),
(94, 'ประกันวินาศภัย', '025', 1),
(95, 'สินค้าไม่ปลอดภัย (ยา)', '026', 1),
(96, 'สินค้าไม่ปลอดภัย (อาหาร)', '027', 1),
(97, 'สินค้าไม่ปลอดภัย (เครื่องสำอาง)', '028', 1),
(98, 'สินค้าไม่ปลอดภัย (ยานพาหนะ)', '029', 1),
(99, 'สินค้าไม่ปลอดภัย (เครื่องใช้ไฟฟ้า)', '030', 1),
(100, 'สินค้าไม่ปลอดภัย (อุปกรณ์สื่อสาร)', '031', 1),
(101, 'สินค้าไม่ปลอดภัย (เชื้อเพลิง)', '032', 1),
(102, 'สินค้าไม่ปลอดภัย (สินค้าอุปโภคบริโภคอื่น ๆ)', '033', 1),
(103, 'บริการสาธารณปโภค (ไฟฟ้า)', '034', 1),
(104, 'บริการสาธารณปโภค (โทรคมนาคม)', '035', 1),
(105, 'บริการสาธารณสุขและความงาม (สถานพยาบาล)', '036', 1),
(106, 'บริการสาธารณสุขและความงาม (สถานพยาบาลเอกชน)', '037', 1),
(107, 'บริการสาธารณสุขและความงาม (สถานบริการและสุขภาพ)', '038', 1),
(108, 'บริการสาธารณสุขและความงาม (ร้านขายยา)', '039', 1),
(109, 'บริการท่องเที่ยว (นำเที่ยว)', '040', 1),
(110, 'บริการท่องเที่ยว (โรงแรม)', '041', 1),
(111, 'สื่อสารมวลชน', '042', 1),
(112, 'บริการธุรกรรมทางธนาคาร', '043', 1),
(113, 'บริการหลักทรัพย์และกองทุนรวม', '044', 1),
(114, 'บริการด้านการศึกษา', '045', 1),
(115, 'นิติบุคคลอาคารชุด', '046', 1),
(116, 'นิติบุคคลบ้านจัดสรร', '047', 1),
(117, 'อื่น ๆ', '048', 1),
(118, 'ขอให้คุ้มครองรักษาทรัพยยากรธรรมชาติหรือสิ่งแวดล้อมของชุมชน', '001', 3),
(119, 'ขอให้ชดเชยมูลค่าของทรัพยากรธรรมชาติที่เสียไป (ป่าไม้)', '002', 3),
(120, 'ขอให้ชดเชยมูลค่าของทรัพยากรธรรมชาติที่เสียไป (สัตว์ป่า)', '003', 3),
(121, 'ขอให้ชดเชยมูลค่าของทรัพยากรธรรมชาติที่เสียไป (แร่ธาตุ)', '004', 3),
(122, 'ขอให้ชดเชยมูลค่าของทรัพยากรธรรมชาติที่เสียไป (อื่นๆ)', '005', 3),
(123, 'ขอค่าใช้จ่ายในการกำจัดมลพิษทางน้ำ', '006', 3),
(124, 'ขอค่าใช้จ่ายในการกำจัดมลพิษทางอากาศ', '007', 3),
(125, 'ขอค่าใช้จ่ายในการกำจัดขยะมูลฝอย', '008', 3),
(126, 'ขอค่าใช้จ่ายในการกำจัดวัตถุอันตราย', '009', 3),
(127, 'ขอค่าใช้จ่ายในการกำจัดมลพิษอื่นๆ', '0010', 3),
(128, 'ขอให้แก้ไขความเดือดร้อนรำคาญ (เสียง)', '0011', 3),
(129, 'ขอให้แก้ไขความเดือดร้อนรำคาญ (กลิ่น)', '0012', 3),
(130, 'ขอให้แก้ไขความเดือดร้อนรำคาญ (แสงแดด)', '0013', 3),
(131, 'ขอให้แก้ไขความเดือดร้อนรำคาญ (อื่น ๆ)', '0014', 3),
(132, 'ขอค่าเสียหายต่อชีวิต ร่างกาย สุขภาพอนามัย ทรัพย์สิน หรือสิทธิอย่างอื่น (มลพิษทางน้ำ)', '0015', 3),
(133, 'ขอค่าเสียหายต่อชีวิต ร่างกาย สุขภาพอนามัย ทรัพย์สิน หรือสิทธิอย่างอื่น (มลพิษทางอากาศ)', '0016', 3),
(134, 'ขอค่าเสียหาย ร่างกาย สุขภาพอนามัย ทรัพย์สิน หรือสิทธิอย่างอื่น (ขยะมูลฝอย)', '0017', 3),
(135, 'ขอค่าเสียหายต่อชีวิต ร่างกาย สุขภาพอนามัย ทรัพย์สิน หรือสิทธิอย่างอื่น (วัสดุอันตราย)', '0018', 3),
(136, 'ขอค่าเสียหายต่อชีวิต ร่างกาย สุขภาพอนามัย ทรัพย์สิน หรือสิทธิอย่างอื่น ', '0019', 3),
(137, 'ความผิดต่อพระมหากษัตริย์ พระราชินี ต่อรัชทายาท ฯ', '0001', 4),
(138, 'ความผิดต่อความมั่นคงของรัฐ', '0002', 4),
(139, 'ความผิดต่อสัมพันธไมตรีกับต่างประเทศ', '0003', 4),
(140, 'ความผิดต่อเจ้าพนักงาน', '0004', 4),
(141, 'ความผิดต่อตำแหน่งหน้าที่ราชการ', '0005', 4),
(142, 'ความผิดต่อเจ้าพนักงานในการยุติธรรม', '0006', 4),
(143, 'ความผิดต่อตำแหน่งหน้าที่ในการยุติธรรม', '0007', 4),
(144, 'ความผิดเกี่ยวกับศาสนา', '0008', 4),
(145, 'ความผิดฐานเป็นอั้งยี่', '0009', 4),
(146, 'ความผิดฐานเป็นซ่องโจร', '00010', 4),
(147, 'ความผิดฐานเป็นซ่องโจร', '00011', 4),
(148, 'ความผิดเกี่ยวกับอั้งยี่ , ซ่องโจร', '00012', 4),
(149, 'ความผิดเกี่ยวกับการก่อให้เกิดความวุ่นวายในบ้านเมือง', '00013', 4),
(150, 'ก่อให้เกิดเพลิงไหม้', '00014', 4),
(151, 'ก่อให้เกิดระเบิด', '00015', 4),
(152, 'ก่อให้เกิดเพลิงไหม้หรือก่อให้เกิดระเบิด', '00016', 4),
(153, 'ก่อให้เกิดเพลิงไหม้โดยประมาท', '00017', 4),
(154, 'ก่อให้เกิดภยันตรายนอกเหนือจากการก่อให้เกิดเพลิงไหม้หรือก่อให้เกิดระเบิด', '00018', 4),
(155, 'ความผิดเกี่ยวกับเงินตรา', '00019', 4),
(156, 'ความผิดเกี่ยวกับดวงตรา แสตมป์ และตั๋ว', '00020', 4),
(157, 'ความผิดเกี่ยวกับเอกสาร', '00021', 4),
(158, 'ความผิดเกี่ยวกับการค้า', '00022', 4),
(159, 'ข่มขืนกระทำชำเรา', '00023', 4),
(160, 'กระทำชำเราเด็กหญิงอายุไม่เกิน 15 ปี', '00024', 4),
(161, 'ความผิดที่เกี่ยวข้องกับการข่มขืนกระทำชำเรา', '00025', 4),
(162, 'อนาจาร', '00026', 4),
(163, 'ความผิดเกี่ยวกับการดำรงชีพจากรายได้ของหญิงซึ่งค้าประเวณี', '00027', 4),
(164, 'ความผิดเกี่ยวกับการค้าวัตถุหรือสิ่งของลามก', '00028', 4),
(165, 'ความผิดต่อชีวิต', '00029', 4),
(166, 'ความผิดต่อชีวิต ประมาท', '00030', 4),
(167, 'ความผิดต่อร่างกาย', '00031', 4),
(168, 'ความผิดต่อร่างกาย ประมาท', '00032', 4),
(169, 'ความผิดฐานทำให้แท้งลูก', '00033', 4),
(170, 'ความผิดฐานทอดทิ้งเด็ก , คนป่วยเจ็บ , คนชรา', '00034', 4),
(171, 'ความผิดต่อเสรีภาพ', '00035', 4),
(172, 'ความผิดฐานเปิดเผยความลับ', '00036', 4),
(173, 'หมิ่นประมาท', '00037', 4),
(174, 'ลักทรัพย์', '00038', 4),
(175, 'วิ่งราวทรัพย์', '00039', 4),
(176, 'ความผิดที่เกี่ยวข้องกับการลักทรัพย์ , วิ่งราวทรัพย์ ', '00040', 4),
(177, 'กรรโชก', '00041', 4),
(178, 'รีดเอาทรัพย์', '00042', 4),
(179, 'ชิงทรัพย์', '00043', 4),
(180, 'ปล้นทรัพย์', '00044', 4),
(181, 'ความผิดที่เกี่ยวข้องกับการชิงทรัพย์ ปล้นทรัพย์', '00045', 4),
(182, 'ฉ้อโกง', '00046', 4),
(183, 'โกงเจ้าหนี้', '00047', 4),
(184, 'ยักยอก', '00048', 4),
(185, 'รับของโจร', '00049', 4),
(186, 'ทำให้เสียทรัพย์', '00050', 4),
(187, 'บุกรุก', '00051', 4),
(188, 'ลหุโทษ', '00052', 4),
(189, 'ประมวลรัษฎากร', '00053', 4),
(190, 'ภาษีอากรอื่นๆ', '00054', 4),
(191, 'พ.ร.บ.ศุลกากร', '00055', 4),
(192, 'พ.ร.บ.วัตถุออกฤทธิ์ต่อจิตและประสาท', '00056', 4),
(193, 'พ.ร.บ.สุรา', '00057', 4),
(194, 'พ.ร.บ.การพนัน', '00058', 4),
(195, 'พ.ร.บ.ไพ่', '00059', 4),
(196, 'พ.ร.บ.บัตรประจำตัวประชาชน', '00060', 4),
(197, 'พ.ร.บ.รับราชการทหาร', '00061', 4),
(198, 'พ.ร.บ.ห้ามเรียกดอกเบี้ยเกินอัตรา', '00062', 4),
(199, 'พ.ร.บ.หลักทรัพย์และตลาดหลักทรัพย์', '00063', 4),
(200, 'พ.ร.บ.เกี่ยวกับ ห้างหุ้นส่วนจดทะเบียน ฯลฯ', '00064', 4),
(201, 'พ.ร.บ.อาวุธปืน ฯ ', '00065', 4),
(202, 'พ.ร.บ.การทะเบียนคนต่างด้าว', '00066', 4),
(203, 'พ.ร.บ.ป้องกันและปราบปรามการค้าประเวณี', '00067', 4),
(204, 'พ.ร.บ.ยาเสพติด (เฮโรอีน)', '00068', 4),
(205, 'พ.ร.บ.ยาเสพติด (เมทแอมเฟตามีน)', '0069', 4),
(206, 'พ.ร.บ.ยาเสพติด - เอ็กซ์ตาซี (ยาอี) ', '00070', 4),
(207, 'พ.ร.บ.ยาเสพติด (ฝิ่น)', '00071', 4),
(208, 'พ.ร.บ.ยาเสพติด-โคคาอีน (โคเคน)', '00072', 4),
(209, 'พ.ร.บ.ยาเสพติด (โคเดอีน)', '00073', 4),
(210, 'พ.ร.บ.ยาเสพติด (กัญชา)', '00074', 4),
(211, 'พ.ร.บ.ยาเสพติด (พืชกระท่อม)', '00075', 4),
(212, 'พ.ร.บ.ยาเสพติด (อื่นๆ)', '00076', 4),
(213, 'พ.ร.บ.คนเข้าเมือง', '00077', 4),
(214, 'พ.ร.บ.ธุรกิจนำเที่ยวและมัคคุเทศก์', '00078', 4),
(215, 'พ.ร.บ.ว่าด้วยความผิดอันเกิดจากการใช้เช็ค', '00079', 4),
(216, 'พ.ร.บ.สงวนและคุ้มครองสัตว์ป่า', '00080', 4),
(217, 'พ.ร.บ.เลือกตั้งสมาชิกสภาท้องถิ่น', '00081', 4),
(218, 'พ.ร.บ.การสาธารณสุข', '00082', 4),
(219, 'พ.ร.บ.โรคระบาดสัตว์', '00083', 4),
(220, 'พ.ร.บ.วิทยุคมนาคม', '00084', 4),
(221, 'พ.ร.บ.การทำงานของคนต่างด้าว', '00085', 4),
(222, 'พ.ร.บ.มาตราชั่งตวงวัด', '00086', 4),
(223, 'พ.ร.บ.การพิมพ์', '00087', 4),
(224, 'พ.ร.บ.สาธารณสุขและ พ.ร.บ.โรคติดต่อ', '00088', 4),
(225, 'พ.ร.บ.ดอกเบี้ยให้กู้ยืมของสถาบันการเงิน', '00089', 4),
(226, 'พ.ร.บ.โรคระบาดสัตว์', '00090', 4),
(227, 'พ.ร.บ.ส่งเสริมและรักษาคุมภาพสิ่งแวดล้อมแห่งชาติ', '00091', 4),
(228, 'พ.ร.บ.ป่าไม้ พ.ร.บ.ป่าสงวนแห่งชาติ', '00092', 4),
(229, 'พ.ร.บ.อุทยานแห่งชาติ', '00093.', 4),
(230, 'พ.ร.บ.การประมง', '00094', 4),
(231, 'พ.ร.บ.แร่ และ พ.ร.บ.ควบคุมแร่ดีบุก', '00095', 4),
(232, 'พ.ร.บ.การขนส่งทางบก', '00096', 4),
(233, 'พ.ร.บ.จราจรทางบก', '00097', 4),
(234, 'พ.ร.บ.ทางหลวง', '00098', 4),
(235, 'พ.ร.บ.รถยนต์', '00099', 4),
(236, 'พ.ร.บ.น้ำมันเชื้อเพลิง', '000100', 4),
(237, 'ความผิดต่อประกาศคณะปฏิวัติ ฉบับที่...', '000101', 4),
(238, 'พ.ร.บ.ควบคุมสินค้าตามชายแดน', '000102', 4),
(239, 'ความผิดต่อประมวลกฎหมายที่ดิน', '000103', 4),
(240, 'พ.ร.บ.ควบคุมอาคาร', '000104', 4),
(241, 'พ.ร.บ.โรงงาน', '000105', 4),
(242, 'พ.ร.บ.สถานบริการ', '000106', 4),
(243, 'พ.ร.บ.เรือไทย พ.ร.บ.การเดินเรือในน่านน้ำไทย', '000107', 4),
(244, 'พ.ร.บ.กำหนดราคาสินค้าและป้องกันการผูกขาด', '000108', 4),
(245, 'พ.ร.บ.ป้องกันและปราบปรามการฟอกเงิน พ.ศ. 2542', '000109', 4),
(246, 'พ.ร.บ.ว่าด้วยธุรกรรมทางอิเล็กทรอนิกส์', '000110', 4),
(247, 'พ.ร.บ.ป้องกันการใช้สารระเหย', '000111', 4),
(248, 'ปัญหาวิธีพิจารณาในชั้นขอคืนของกลาง', '000112', 4),
(249, 'ปัญหาวิธีพิจารณาในชั้นผิดสัญญาประกัน', '000113', 4),
(285, 'แบ่งสินสมรส', '613', 6),
(286, 'ขอใช้อำนาจปกครอง', '614', 6),
(268, 'แบ่งสินสมรส', '72', 2),
(269, 'ชดใช้เงินคืน', '73', 2),
(287, 'เรียกสิทธิในการเยี่ยมเยียนบุตรผู้เยาว์', '615', 6),
(277, 'เรียกสินสมรสคืน', '605', 6),
(278, 'กรรมสิทธิ์รวม', '606', 6),
(279, 'เรียกค่าเลี้ยงชีพ  ค่าทดแทน', '607', 6),
(280, 'แบ่งทรัพย์สิน', '608', 6),
(281, 'การบอกล้างโมฆียกรรม', '609', 6),
(282, 'เรียกค่าทดแทน', '610', 6),
(283, 'ขอให้การสมรสเป็นโมฆะ', '611', 6),
(284, 'ผิดสัญาหย่า', '612', 6),
(271, 'เรียกเงินคืน', '75', 2),
(272, 'ละเมิดอำนาจปกครอง  ขอบุตรคืน', '600', 6),
(273, 'เรียกกบุตรคืน', '601', 6),
(274, 'ขออนุญาตจดทะเบียนสมรส', '602', 6),
(275, 'จัดการสินสมรส', '603', 6),
(276, 'ขอใช้อำนาจปกครองบุตร', '604', 6),
(263, 'ความผิดต่อชีวิต  พยายาม', '000114', 4),
(264, 'ความผิดเกี่ยวกับเพศ', '000115', 4),
(265, 'ชันสูตรพลิกศพ', '000116', 4),
(266, 'ผิดสัญญาจ้าง', '70', 2),
(267, 'หย่า', '71', 2),
(270, 'กรรมสิทธิ์', '74', 2),
(288, 'ผิดสัญญาหย่า', '616', 6),
(289, 'คนไร้ความสามารถ', '617', 6),
(290, 'เพิกถอนนิติกรรม', '618', 6),
(291, 'เรียกค่าเสียหาย', '619', 6),
(292, 'ส่งมอบสินส่วนตัว', '620', 6),
(293, 'เพิกถอนสัญญาจำนองสินสมรส', '621', 6),
(294, 'ขอทำนิติกรรมแทนผู้ไร้ความสามารถ', '622', 6),
(295, 'ใช้สิทธิเรียกร้องของลูกหนี้', '623', 6),
(296, 'ขอทำนิติกรรมแทนคนเสมือนไร้ความสามารถ', '624', 6),
(297, 'ขอแก้ไขรายการในสูติบัตร', '625', 6),
(298, 'รับสภาพหนี้', '626', 6),
(299, 'ขอรับบุตรบุญธรรม', '627', 6),
(300, 'ขอตั้งผู้ปกครองผู้เยาว์', '628', 6),
(301, 'ขอให้สั่งเป็นบุตรชอบด้วยกฎหมาย', '629', 6),
(302, 'ขอทำนิติกรรมแทนผู้เยาว์', '630', 6),
(303, 'ขอถอนอำนาจปกครองและตั้งผู้ปกครองผู้เยาว์', '631', 6),
(304, 'รับรองบุตร', '632', 6),
(305, 'ขออนุญาตทำนิติกรรมแทนผู้เยาว์', '633', 6),
(306, 'คนเสมือนไร้ความสามารถ', '634', 6),
(307, 'ขออนุญาตจดทะเบียนสมรส', '635', 6),
(308, 'ฟ้องหย่า', '636', 6),
(309, 'ขอใช้อำนาจปกครองบุตร', '637', 6),
(310, 'ฟ้องเรียกค่าอุปการะเลี้ยงดู', '638', 6),
(311, 'ฟ้องขอให้การสมรสเป็นโมฆะ', '639', 6),
(312, 'ฟ้องขอให้พิพากษาว่าเป็นบุตร', '640', 6),
(313, 'แบ่งสินสมรส', '641', 6),
(314, 'เพิกถอนทะเบียนสมรส', '642', 6),
(315, 'เพิกถอนอำนาจปกครอง', '643', 6),
(316, 'ผิดสัญญาหมั้น เรียกทรัพย์คืน', '644', 6),
(317, 'เงื่อนไขในสิทธิและหน้าที่ของบิดาต่อบุตรผู้เยาว์', '645', 6),
(318, 'บังคับตามสัญญาประนีประนอมยอมความ', '646', 6),
(319, 'เพิกถอนชื่อผู้เยาว์ออกจากโฉนดที่ดิน', '647', 6),
(320, 'ขอให้ลงนามให้ความยินยอม', '648', 6),
(321, 'เพิกถอนการรับบุตรบุญธรรม', '649', 6),
(322, 'คนไร้ความสามารถ', '650', 6),
(323, 'คนเสมือนไร้ความสามารถ', '651', 6),
(324, 'สัญญาระหว่างสมรส', '652', 6),
(325, 'เรียกทรัพย์คืน', '653', 6),
(326, 'เพิกถอนสัญญาหย่า', '654', 6),
(327, 'ละเมิดอำนาจปกครอง', '655', 6),
(328, 'อำนาจปกครอง', '656', 6),
(329, 'ขอให้ศาลมีคำสั่งอนุญาตแทนการให้ความยินยอมในการรับบุตรบุญธรรม', '657', 6),
(330, 'ขอให้ศาลพิพากษาว่าเป็นบุตร', '658', 6),
(331, 'ละเมิดอำนาจศาล', '659', 6),
(332, 'พ.ร.บ.เลื่อยโซ่ยนต์', '660', 6),
(333, 'แบ่งกรรมสิทธิ์รวม', '661', 6),
(334, 'ถอนผู้พิทักษ์และตั้งผู้พิทักษ์', '662', 6),
(335, 'ไม่รับเด็กเป็นบุตร', '663', 6),
(336, 'เรียกค่าเลี้ยงชีพ', '664', 6),
(337, 'ขอใช้อำนาจปกครองบุตรแต่เพียงผู้เดียว', '665', 6),
(338, 'ขอให้การจดทะเบียนหย่าเป็นโมฆะ', '666', 6),
(339, 'ยกเลิกบันทึกข้อความ', '667', 6),
(340, 'สิทธิเลี้ยงดูบุตร', '668', 6),
(341, 'ให้การจดทะเบียนสมรสสิ้นสุดโดยชอบด้วยกฎหมาย', '669', 6),
(342, 'ผิดสัญญาประนีประนอมยอมความ', '670', 6),
(343, 'จดทะเบียนขอรับเด็กเป็นบุตรชอบด้วยกฎหมาย', '671', 6),
(344, 'บอกล้างสัญญาระหว่างสมรส', '672', 6),
(345, 'ขอแสดงกรรมสิทธิ์ในทรัพย์มรดก', '673', 6),
(346, 'แบ่งชดใช้หนี้ระหว่างสมรส', '674', 6),
(347, 'ให้ปฏิบัติตามบันทึกการหย่าและโอนกรรมสิทธิ์', '675', 6),
(348, 'ใส่ชื่อกรรมสิทธิ์รวมในสินสมรส', '676', 6),
(349, 'ยกเลิกการรับบุตรบุญธรรม', '677', 6),
(350, 'อนุญาตแทนการให้ความยินยอมของคู่สมรสในการจดทะเบียนรับบุตรบุญธรรม', '678', 6),
(351, 'ขอให้ศาลมีคำสั่งให้การจดทะเบียนหย่าสมบูรณ์', '679', 6),
(352, 'กลฉ้อฉล', '680', 6),
(353, 'กลฉ้อฉล', '681', 6),
(354, 'สัญญหย่าเป็นมฆะ', '682', 6),
(355, 'เพิกถอนนิติกรรมทะเบียนสมรส', '683', 6),
(356, 'เกี่ยวกับบุตร', '684', 6),
(357, 'ขอให้ศาลตั้งว่าผู้เยาว์เป็นบุตรที่บิดามารดาทอดทิ้ง', '685', 6),
(358, 'ให้ปฏิบัติตามสัญญาหย่า', '686', 6),
(359, 'พ.ร.บ.เครื่องหมายการค้า', '687', 6),
(360, 'ผิดสัญญาค่าอุปการะเลี้ยงดูบุตร', '688', 6),
(361, 'เพิกถอนนิติกรรมเกี่ยวกับการจัดการสินสมรส', '689', 6),
(362, 'เพิกถอนนิติกรรมเกี่ยวกับการจัดการสินสมรส', '690', 6),
(363, 'เพิกถอนการจดทะเบียน', '691', 6),
(364, 'ทำพินัยกรรมยกสินสมรสเกินกว่าส่วนของตนและการสมรสซ้อนไม่ทำให้เกิดสิทธิ์ทายาทโดยธรรม', '692', 6),
(365, 'ผิดสัญญา  ให้ชำระหนี้', '693', 6),
(366, 'นิติกรรมอำพราง', '694', 6),
(367, 'ละเมิดอำนาจศาล', '112', 4),
(368, 'เรียกทรัพย์คืน', '76', 2),
(369, 'พ.ร.บ.ว่าด้วยความผิดของพนักงานในองค์กาหรือหน่วยงานของรัฐ', '111', 4),
(370, 'ผิดสัญญา', '77', 2),
(371, 'ผิดสัญญาเช่าซื้อ', '78', 2),
(372, 'สิทธิครอบครอง', '79', 2),
(373, 'พ.ร.บ.จัดหางาน', '113', 4),
(374, 'อื่นๆ', '', 4),
(375, 'ผิดสัญญา', '049', 1),
(376, 'ซื้อขาย (อาคารชุด)', '', 2);

-- --------------------------------------------------------

--
-- Table structure for table `info_types`
--

DROP TABLE IF EXISTS `info_types`;
CREATE TABLE IF NOT EXISTS `info_types` (
  `id` int(11) NOT NULL,
  `name` text CHARACTER SET utf8 NOT NULL,
  `group_id` int(11) NOT NULL,
  `code` varchar(5) CHARACTER SET utf8 NOT NULL COMMENT 'อักษรย่อ'
) ENGINE=MyISAM AUTO_INCREMENT=7 DEFAULT CHARSET=latin1;

--
-- Dumping data for table `info_types`
--

INSERT INTO `info_types` (`id`, `name`, `group_id`, `code`) VALUES
(1, 'ผู้บริโภค', 1, 'ผบ.'),
(2, 'แพ่งสามัญ', 1, 'พ.'),
(3, 'สิ่งแวดล้อม', 1, 'สว.'),
(4, 'อาญา', 2, 'อ.'),
(5, 'อาญาเด็กและเยาวชน', 2, 'อด.'),
(6, 'แพ่งเด็กและเยาวชน', 1, 'พด.');

-- --------------------------------------------------------

--
-- Table structure for table `info_uploads`
--

DROP TABLE IF EXISTS `info_uploads`;
CREATE TABLE IF NOT EXISTS `info_uploads` (
  `id` int(11) NOT NULL,
  `filesize` int(11) NOT NULL,
  `case_id` int(11) NOT NULL,
  `date_upload` datetime NOT NULL,
  `filename` text CHARACTER SET utf8 NOT NULL
) ENGINE=MyISAM DEFAULT CHARSET=latin1;

-- --------------------------------------------------------

--
-- Table structure for table `info_usergroups`
--

DROP TABLE IF EXISTS `info_usergroups`;
CREATE TABLE IF NOT EXISTS `info_usergroups` (
  `id` int(11) NOT NULL,
  `name` text CHARACTER SET utf8 NOT NULL
) ENGINE=InnoDB AUTO_INCREMENT=4 DEFAULT CHARSET=latin1;

--
-- Dumping data for table `info_usergroups`
--

INSERT INTO `info_usergroups` (`id`, `name`) VALUES
(1, 'กลุ่มศาลจังหวัด'),
(2, 'กลุ่มศาลแขวง'),
(3, 'กลุ่มศาลเยาวชนและครอบครัว');

-- --------------------------------------------------------

--
-- Table structure for table `info_users`
--

DROP TABLE IF EXISTS `info_users`;
CREATE TABLE IF NOT EXISTS `info_users` (
  `id` int(11) NOT NULL COMMENT 'Row id',
  `account` varchar(255) NOT NULL COMMENT 'Name for login',
  `password` varchar(25) NOT NULL COMMENT 'Password for login',
  `usergroup_id` int(11) NOT NULL DEFAULT '0',
  `name` text NOT NULL,
  `admin` int(11) DEFAULT '0' COMMENT 'Is this the amdinistrator',
  `position` text NOT NULL,
  `parent_id` int(11) NOT NULL DEFAULT '0',
  `active` int(11) DEFAULT '1' COMMENT 'Is this account active',
  `check_out` int(11) NOT NULL DEFAULT '0'
) ENGINE=MyISAM AUTO_INCREMENT=396 DEFAULT CHARSET=utf8;

--
-- Dumping data for table `info_users`
--

INSERT INTO `info_users` (`id`, `account`, `password`, `usergroup_id`, `name`, `admin`, `position`, `parent_id`, `active`, `check_out`) VALUES
(1, 'admin', 'admin', 0, 'ศาลในเขตอำนาจอธิบดีผู้พิพากษาภาค 5', 1, '', 0, 1, 0),
(3, 'cmic', 'cmic', 1, 'ศาลจังหวัดเชียงใหม่', 0, '', 0, 1, 0),
(4, 'cmimc', 'cmimc', 2, 'ศาลแขวงเชียงใหม่', 0, '', 0, 1, 0),
(5, 'cmijc', 'cmijc', 3, 'ศาลเยาวชนและครอบครัวจังหวัดเชียงใหม่', 0, '', 0, 1, 0),
(6, 'cric', 'cric', 1, 'ศาลจังหวัดเชียงราย', 0, '', 0, 1, 0),
(7, 'nanc', 'nanc', 1, 'ศาลจังหวัดน่าน', 0, '', 0, 1, 0),
(8, 'fngc', 'fngc', 1, 'ศาลจังหวัดฝาง', 0, '', 0, 1, 0),
(9, 'pyoc', 'pyoc', 1, 'ศาลจังหวัดพะเยา', 0, '', 0, 1, 0),
(10, 'prec', 'prec', 1, 'ศาลจังหวัดแพร่', 0, '', 0, 1, 0),
(11, 'lpgc', 'lpgc', 1, 'ศาลจังหวัดลำปาง', 0, '', 0, 1, 0),
(12, 'lpgk', 'lpgk', 2, 'ศาลแขวงลำปาง', 0, '', 0, 1, 0),
(13, 'lpgjc', 'lpgjc', 3, 'ศาลเยาวชนและครอบครัวจังหวัดลำปาง', 0, '', 0, 1, 0),
(14, 'lpnc', 'lpnc', 1, 'ศาลจังหวัดลำพูน', 0, '', 0, 1, 0),
(15, 'msrc', 'msrc', 1, 'ศาลจังหวัดแม่สะเรียง', 0, '', 0, 1, 0),
(16, 'mhsc', 'mhsc', 1, 'ศาลจังหวัดแม่ฮ่องสอน', 0, '', 0, 1, 0),
(17, 'lpnjc', 'lpnjc', 3, 'ศาลเยาวชนและครอบครัวจังหวัดลำพูน', 0, '', 0, 1, 0),
(18, 'tngc', 'tngc', 1, 'ศาลจังหวัดเทิง', 0, '', 0, 1, 0),
(19, 'crijc', 'crijc', 3, 'ศาลเยาวชนและครอบครัวจังหวัดเชียงราย', 0, '', 0, 1, 0),
(20, 'prejc', 'prejc', 3, 'ศาลเยาวชนและครอบครัวจังหวัดแพร่', 0, '', 0, 1, 0),
(21, 'nanjc', 'nanjc', 3, 'ศาลเยาวชนและครอบครัวจังหวัดน่าน', 0, '', 0, 1, 0),
(22, 'mhsjc', 'mhsjc', 3, 'ศาลเยาวชนและครอบครัวจังหวัดแม่ฮ่องสอน', 0, '', 0, 1, 0),
(23, 'pyojc', 'pyojc', 3, 'ศาลเยาวชนและครอบครัวจังหวัดพะเยา', 0, '', 0, 1, 0),
(24, 'nanc1', 'nanc1', 1, 'ศาลจังหวัดน่าน(สาขาปัว)', 0, '', 0, 1, 0),
(25, 'mhsc1', 'mhsc1', 1, 'ศาลจังหวัดแม่ฮ่องสอน(สาขาปาย)', 0, '', 0, 1, 0),
(39, '', '', 0, 'นายจงศักดิ์  ผดุงทรัพย์', 2, 'รองอธิบดีผู้พิพากษาภาค  5', 1, 1, 0),
(40, '', '', 0, 'นางอลิศรา  มานะจิตต์', 2, 'รองอธิบดีผู้พิพากษาภาค  5', 1, 1, 0),
(382, '', '', 0, 'นายวัชระ  จิรัฐิติเจริญ', 2, 'ผู้พิพากาาหัวหน้าคณะชั้นต้นในศาลเยาวชนและครอบครัวจังหวัดพะเยา', 23, 1, 0),
(42, 'admin1', 'admin1', 0, 'นายลาชิต  ไชยอนงค์', 3, 'อธิบดีผู้พิพากษาภาค  5', 1, 1, 0),
(381, '', '', 0, 'นายพิสิฐ  นรัตถรักษา', 2, 'ผู้พิพากษาหัวหน้าศาลเยาวชนและครอบครัวจังหวัดพะเยา', 23, 1, 0),
(277, '', '', 0, 'นายสิงห์ฐาน จันทรา', 2, 'ผู้พิพากษา', 3, 1, 0),
(44, '1111', '1111', 0, 'นายอภิชัย  ปานเนาว์', 2, 'ผู้พิพากษาศาลจังหวัดน่าน', 34, 1, 0),
(41, 'user4', 'user4', 0, 'นายวงการ  ช่วยพนัง', 3, 'รองอธิบดีผู้พิพากษาภาค  5', 1, 1, 0),
(285, '', '', 0, 'นางพยางคศิริ  วิทยาผาสุข', 2, 'รองอธิบดีผู้พิพากษาภาค  5', 1, 1, 0),
(36, '', '', 0, 'นายยงยุทธ  สุเรนทร์รังสิกุล', 2, 'ผู้พิพากษาอาวุโสประจำสำนักงานอธิบดีผู้พิพากษาภาค  5', 1, 1, 0),
(273, '', '', 0, 'นายวิทวัส ทีปประพันธ์ณี', 2, 'ผู้พิพากษา', 3, 1, 0),
(380, '', '', 0, 'นางสาวอรุณี กระจ่างแสง', 2, 'รองอธิบดีผู้พิพากษาภาค  5', 1, 1, 0),
(46, 'admin4', 'admin4', 0, 'นายเดชา  คำสิทธิ', 3, '', 0, 1, 0),
(379, '', '', 0, 'นางสาวรติมา  ชัยสุโรจน์', 2, 'ผู้พิพากษา', 4, 1, 0),
(49, 'Head6', 'Head6', 0, 'นายธนศร   สังวรเวชชภัณฑ์', 3, '', 0, 1, 0),
(50, '', '', 0, 'นายสิทธิชัย  ลิมปาภรณ์', 2, 'ผู้พิพากษาหัวหน้าศาล', 4, 1, 0),
(51, '', '', 0, 'นายประสาทพร เสริมศรี', 2, 'ผู้พิพากษารองหัวหน้าศาล', 4, 1, 0),
(52, '', '', 0, 'นางสาวเขมจุฑา สุวรรณจินดา ', 2, 'ผู้พิพากษา', 4, 1, 0),
(53, '', '', 0, 'นายเศวต  อิทธิภูวดล', 2, 'ผู้พิพากษา', 4, 1, 0),
(54, '', '', 0, 'นางสุธิดา  คูหะสุวรรณ', 2, 'ผู้พิพากษา', 4, 1, 0),
(55, '', '', 0, 'นายวิเศษ วิเศษจุมพล', 2, 'ผู้พิพากษา', 4, 1, 0),
(377, '', '', 0, 'นายดิษพล รัตนโสภณ ', 2, 'ผู้พิพากษาหัวหน้าคณะชั้นต้น ในศาลแขวงเวียงเป้า ', 357, 1, 0),
(57, '', '', 0, 'นายสมเกียรติ  คำเนตร', 2, 'ผู้พิพากษา', 4, 1, 0),
(58, '', '', 0, 'นายอนุรักษ์  หมั่นธรรม', 2, 'ผู้พิพากษา', 4, 1, 0),
(59, '', '', 0, 'นายปริญญาพงศ์  เจียรนัยกุลกนก', 2, 'ผู้พิพากษาหัวหน้าศาลจังหวัดเทิง', 18, 1, 0),
(60, '', '', 0, 'นายนันทชัย  ผุดภักดี', 2, 'ผู้พิพากษา', 4, 1, 0),
(61, '', '', 0, 'นางสาวรัตตัญญา  ไชยโคตร', 2, 'ผู้พิพากษา', 4, 1, 0),
(62, '', '', 0, 'นางปาริชาติ  โพธิวังตระกูล', 2, 'ผู้พิพากษา', 4, 1, 0),
(63, '', '', 0, 'นายสมคิด  ใจกระเสน', 2, 'ผู้พิพากษารองหัวหน้าศาลจังหวัดเทิง', 18, 1, 0),
(64, '', '', 0, 'นายอภิชาต  บัวเล็ก', 2, 'ผู้พิพากษาศาลจังหวัดเทิง', 18, 1, 0),
(65, '', '', 0, 'นายนิติธร  ภาระจำ', 2, 'ผู้พิพากษาศาลจังหวัดเทิง', 18, 1, 0),
(66, '', '', 0, 'นายธงชัย  สีหาเวช', 2, 'ผู้พิพากษาศาลจังหวัดเทิง', 18, 1, 0),
(67, '', '', 0, 'นายมาโนช  รัตนนาคะ', 2, 'ผู้พิพากษาหัวหน้าศาลแขวงลำปาง', 12, 1, 0),
(193, '', '', 0, 'นายสุรศักดิ์ สีตะวัน', 2, 'ผู้พิพากษารองหัวหน้าศาลฯ', 21, 1, 0),
(195, '', '', 0, 'นายสมศักดิ์  ทิมพิทักษ์', 2, 'ผู้พิพากษาหัวหน้าศาลจังหวัดฝาง', 8, 1, 0),
(71, '', '', 0, 'นายมุขเมธิน  กลั่นนุรักษ์', 2, 'ผู้พิพากษาหัวหน้าศาลเยาวชนและครอบครัวจังหวัดแพร่', 20, 1, 0),
(72, '', '', 0, 'นายชมเชษฐ์  จรัสกร', 2, 'ผู้พิพากษารองหัวหน้าศาลเยาวชนและครอบครัวจังหวัดแพร่', 20, 1, 0),
(73, '', '', 0, 'นายอำนาจ  เพียรไทย', 2, 'ผู้พิพากษาศาลเยาวชนและครอบครัวจังหวัดแพร่', 20, 1, 0),
(74, '', '', 0, 'นางสาวพูลศรี  ประทุมมณี', 2, 'ผู้พิพากษาศาลแขวงลำปาง', 12, 1, 0),
(75, '', '', 0, 'นายวันชัย  เวชพาณิชย์กิจกุล', 2, 'ผู้พิพากษาหัวหน้าศาล', 9, 1, 0),
(76, '', '', 0, 'นายสมชนก  ปิยะสุวรรณ์', 2, 'ผู้พิพากษารองหัวหน้าศาล', 9, 1, 0),
(77, '', '', 0, 'นายพลจักร์  คงน้อย', 2, 'ผู้พิพากษารองหัวหน้าศาล', 9, 1, 0),
(78, '', '', 0, 'นายบัณฑิต  ถึงลาภ', 2, 'ผู้พิพากษารองหัวหน้าศาล', 9, 1, 0),
(79, '', '', 0, 'นายชวลิต  กิตตินันทะศิลป์', 2, 'ผู้พิพากษา', 9, 1, 0),
(80, '', '', 0, 'นายบุญชนะ พึ่งทอง', 2, 'ผู้พิพากษาศาลจังหวัดแพร่', 10, 1, 0),
(81, '', '', 0, 'นางสาวพูลศรี  ประทุมมณี', 2, 'ผู้พิพากษา', 9, 1, 0),
(82, '', '', 0, 'นายอธิกา  อภิธนัง', 2, 'ผู้พิพากษา', 9, 1, 0),
(83, '', '', 0, 'นายสมพงษ์  พุทธฤทธิ์', 2, 'ผู้พิพากษา', 9, 1, 0),
(84, '', '', 0, 'นายธีรพล  เครือเวทย์', 2, 'ผู้พิพากษา', 9, 1, 0),
(85, '', '', 0, 'นายณัฐวุฒิ  วิทยศักดิ์พันธ์', 2, 'ผู้พิพากษา', 9, 1, 0),
(86, '', '', 0, 'นายโพชฌงค์  พรหมขันธ์', 2, 'ผู้พิพากษา', 9, 1, 0),
(194, '', '', 0, 'นายชาญวุฒิ บุญญเขตรโกศล', 2, 'ผู้พิพากษารองหัวหน้าศาลจังหวัดเทิง', 18, 1, 0),
(378, '', '', 0, 'นายเปรมศักย์ ศรีนวล', 2, 'ผู้พิพากษาศาลแขวงเวียงป่าเป้า', 357, 1, 0),
(89, '', '', 0, 'นายปริญญา  ปิ่นเพชร', 2, 'ผู้พิพากษาศาลเยาวชนและครอบครัวจังหวัดพะเยา', 23, 1, 0),
(90, '', '', 0, 'นายอำนาจ เพียรไทย', 2, 'ผู้พิพากษารองหัวหน้าศาลจังหวัดน่าน', 7, 1, 0),
(109, '', '', 0, 'นายปรีชา พวงสมบัติ', 2, 'ผู้พิพากษารองหัวหน้าศาลเยาวชนและครอบครัวจังหวัดแม่ฮ่องสอน', 22, 1, 0),
(278, '', '', 0, 'นายอนันต์  ยอดเพชร', 2, 'ผู้พิพากษา', 19, 1, 0),
(176, '', '', 0, 'นายวิชัย  เดชชุติพงศ์', 2, 'ผู้พิพากษาหัวหน้าศาล', 13, 1, 0),
(177, '', '', 0, 'นายพิทักฐ์  รัตนเดชากร', 2, 'ผู้พิพากษารองหัวหน้าศาล', 13, 1, 0),
(94, '', '', 0, 'นายมนัส  ซอศรีสาคร', 2, 'ผู้พิพากษาหัวหน้าศาล', 19, 1, 0),
(95, '', '', 0, 'นายสนธนัชชัย  จันทร์พานิช', 2, 'ผู้พิพากษา', 13, 1, 0),
(96, '', '', 0, 'นายประชารัฐ  ราศรี', 2, 'ผู้พิพากษารองหัวหน้าศาล', 19, 1, 0),
(97, '', '', 0, 'นางสาววรรณพร พละภิญโญ', 2, 'ผู้พิพากษาศาลจังหวัดแพร่', 10, 1, 0),
(98, '', '', 0, 'นายวัชรินทร์ ภู่นริศ', 2, 'ผู้พิพากษารองหัวหน้าศาลจังหวัดแพร่', 10, 1, 0),
(100, '', '', 0, 'นายชัยวุฒิ  ต่อปัญญาเรือง', 2, 'ผู้พิพากษาหัวหน้าศาล', 14, 1, 0),
(101, '', '', 0, 'นายวรัญญู แสงศิริ', 2, 'ผู้พิพากษาหัวหน้าศาล', 17, 1, 0),
(102, '', '', 0, 'นายสุทธิศักดิ์  สุขบุญพันธ์', 2, 'ผู้พิพากษารองหัวหน้าศาลฯ', 14, 1, 0),
(376, '', '', 0, 'นายชกูล  โตอ่อน', 2, 'ผู้พิพากษาหัวหน้าศาลแขวงเวียงป่าเป้า', 357, 1, 0),
(104, '', '', 0, 'นายวิฑูรย์  จันทรสีมาวรรณ', 2, 'ผู้พิพากษา', 7, 1, 0),
(105, '', '', 0, 'นายมงคล  ภูฆัง', 2, 'ผู้พิพากษา', 7, 1, 0),
(231, '', '', 0, 'นางพนิดา เชาวนปรีชา', 2, 'ผู้พิพากษาหัวหน้าศาลจังหวัดแม่ฮ่องสอน', 16, 1, 0),
(107, '', '', 0, 'นายณัฐวัฒน์  ขันติธรางกูล', 2, 'ผู้พิพากษาศาลจังหวัดลำปาง', 11, 1, 0),
(108, '', '', 0, 'นางเนตรดาว มโนธรรมกิจ', 2, 'ผู้พิพากษาหัวหน้าศาลเยาวชนฯเชียงใหม่', 5, 1, 0),
(155, '', '', 0, 'นายสุทธิศักดิ์   สุขบุญพันธ์', 2, 'ผู้พิพากษาหัวหน้าศาลเยาวชนและครอบครัวจังหวัดแม่ฮ่องสอน', 22, 1, 0),
(110, '', '', 0, 'นายเปรมศักย์ ศรีนวล', 2, 'ผู้พิพากษาศาลเยาวชนและครอบครัวจังหวัดแม่ฮ่องสอน', 22, 1, 0),
(111, '', '', 0, 'นายอุชาติ เธียรพรานนท์', 2, 'ผู้พิพากษาศาลเยาวชนและครอบครัวจังหวัดเชียงใหม่', 5, 1, 0),
(112, '', '', 0, 'นายศุภชัย เตชะหงษา', 2, 'ผู้พิพากษาศาลเยาวชนและครอบครัวจังหวัดเชียงใหม่', 5, 1, 0),
(113, '', '', 0, 'นายสมศักดิ์ แก้วร่วมวงศ์', 2, 'ผู้พิพากษาหัวหน้าศาลจังหวัดแพร่', 10, 1, 0),
(114, '', '', 0, 'นายปกครอง เปรมดิษฐกุล ', 2, 'ผู้พิพากษารองหัวหน้าศาลจังหวัดแพร่ ', 10, 1, 0),
(115, '', '', 0, 'นายชัยรัตน์ สิทธิวิรัชธรรม', 2, 'ผู้พิพากษาหัวหน้าคณะชั้นต้นในศาลจังหวัดแพร่ ', 10, 1, 0),
(116, '', '', 0, 'นายปองศักดิ์ นันทเสน ', 2, 'ผู้พิพากษาศาลจังหวัดแพร่ ', 10, 1, 0),
(117, '', '', 0, 'นางปนัดดา เนาวรัตน์ ', 2, 'ผู้พิพากษาศาลจังหวัดแพร่ ', 10, 1, 0),
(118, '', '', 0, 'นายประเสริฐ ไพรโสภา ', 2, 'ผู้พิพากษาศาลจังหวัดแพร่ ', 10, 1, 0),
(119, '', '', 0, 'นายชูเกียรติ เหมือนชู ', 2, 'ผู้พิพากษาศาลจังหวัดแพร่ ', 10, 1, 0),
(120, '', '', 0, 'นายวุฒิศักดิ์ จันทะแจ่ม ', 2, 'ผู้พิพากษาศาลจังหวัดแพร่ ', 10, 1, 0),
(121, '', '', 0, '-', 2, 'ผู้พิพากษาศาลจังหัดแพร่', 10, 1, 0),
(122, '', '', 0, 'นายบัณฑิต  ถึงลาภ', 2, 'ผู้พิพากษารองหัวหน้าศาลเยาวชนและครอบครัวจังหวัดพะเยา', 23, 1, 0),
(123, '', '', 0, 'นายวิทยา  เอี่ยมกล่ำ', 2, 'ผู้พิพากษา', 12, 1, 0),
(124, '', '', 0, 'นายกิตติ  คูวิจิตรสุวรรณ', 2, 'ผู้พิพากษาศาลจังหวัดแม่สะเรียง', 15, 1, 0),
(361, '', '', 0, 'นายณรงค์ศักดิ์  จักสี', 2, 'ผู้พิพากษาศาลจังหวัดแม่สะเรียง', 15, 1, 0),
(126, '', '', 0, 'นางกฤษณา กลั่นนุรักษ์ ', 2, 'ผู้พิพากษาหัวหน้าศาลจังหวัดลำพูน', 14, 1, 0),
(127, '', '', 0, 'นายเจดีย์ เอี่ยมศรีปลั่ง', 2, 'ผู้พิพากษารองหัวหน้าศาลฯ', 14, 1, 0),
(128, '', '', 0, 'นายพิสิฐ  นรัตถรักษา', 2, 'ผู้พิพากษาหัวหน้าคณะในศาลฯ', 14, 1, 0),
(129, '', '', 0, 'นายบรรจบ ถาวรรัตน์ ', 2, 'ผู้พิพากษาองหัวหน้าศาลฯ', 14, 1, 0),
(130, '', '', 0, 'นางสุปราณี พูลแสง ทิมพิทักษ์', 2, 'ผู้พิพากษาหัวหน้าคณะในศาลฯ', 14, 1, 0),
(131, '', '', 0, 'นายชาญคณิต  ตันพิริยะกุล', 2, 'ผู้พิพากษารองหัวหน้าศาลฯ', 14, 1, 0),
(132, '', '', 0, 'นายสุกิจ  ศรีสุวรรณ  ', 2, 'ผู้พิพากษารองหัวหน้าศาลฯ', 14, 1, 0),
(133, '', '', 0, 'นางสุดสงวน ตรีขจรเกียรติ ', 2, 'ผู้พิพากษา', 14, 1, 0),
(134, '', '', 0, 'นางสาวชรินพร ศรีวิไล ', 2, 'ผู้พิพากษา', 14, 1, 0),
(135, '', '', 0, 'นายบรรดาล  ดังขุนทด  ', 2, 'ผู้พิพากษา', 14, 1, 0),
(136, '', '', 0, 'นายพิฑัฒ  กองใจ    ', 2, 'ผู้พิพากษา', 14, 1, 0),
(137, '', '', 0, 'นายนรากร  กันทะคำ', 2, 'ผู้พิพากษา', 14, 1, 0),
(138, '', '', 0, 'นางสุธิดา  คูหะสุวรรณ', 2, 'ผู้พิพากษา', 14, 1, 0),
(139, '', '', 0, 'นางสาวสมชนก  เกษมบุญชัย', 2, 'ผู้พิพากษาศาลจังหวัดลำปาง', 11, 1, 0),
(140, '', '', 0, 'นายสุพิชัย  กาญจนาธิวัฒน์', 2, 'ผู้พิพากษาอาวุโสประจำศาลจังหวัดลำปาง', 11, 1, 0),
(142, '', '', 0, 'นายปกครอง  เปรมดิษฐกุล', 2, 'ผู้พิพากษาหัวหน้าคณะชั้นต้นในศาลจังหวัดลำปาง', 11, 1, 0),
(375, '', '', 0, 'นางสาวอรกานต์  พิพัฒน์นรเศรษฐ์', 2, 'ผู้พิพากษาศาลแขวงเชียงใหม่', 4, 1, 0),
(144, '', '', 0, 'นายรุ่งโรจน์  ไวปัญญา', 2, 'ผู้พิพากษารองหัวหน้าศาลจังหวัดลำปาง', 11, 1, 0),
(145, '', '', 0, 'นางสาวจารุณี  จีระออน', 2, 'ผู้พิพากษาศาลจังหวัดลำปาง', 11, 1, 0),
(374, '', '', 0, 'นายพิทักฐ์  รัตนเดชากร', 2, 'ผู้พิพากษาหัวหน้าคณะชั้นต้นในศาลจังหวัดลำปาง', 11, 1, 0),
(147, '', '', 0, 'นายอนิรุทธิ์  วรินทร์', 2, 'ผู้พิพากษาศาลจังหวัดลำปาง', 11, 1, 0),
(373, '', '', 0, 'นายนิติธร  ภาระจำ', 2, 'ผู้พิพากษาศาลจังหวัดลำปาง', 11, 1, 0),
(149, '', '', 0, 'นายณัฐวัฒน์  ขันติธรางกูล', 2, 'ผู้พิพากษาศาลจังหวัดลำปาง', 11, 1, 0),
(150, '', '', 0, 'นางสาวอภิศรา  ชัยรักษ์ ', 2, 'ผู้พิพากษาศาลจังหวัดลำปาง', 11, 1, 0),
(372, '', '', 0, 'นายสุจินต์  หลีสกุล', 2, 'ผู้พิพากษาหัวหน้าคณะชั้นต้นในศาลจังหวัดลำปาง', 11, 1, 0),
(152, '', '', 0, 'นายมณฑล ชัยมงคล', 2, 'ผู้พิพากษาหัวหน้าคณะชั้นต้นในศาลจังหวัดแพร่ ', 10, 1, 0),
(153, '', '', 0, 'นายอภิราม จันทรจรัส', 2, 'ผู้พิพากษาศาลจังหวัดแพร่', 10, 1, 0),
(154, '', '', 0, 'นายสมบัติ เชาวนพูนผล', 2, 'ผู้พิพากษาศาลจังหวัดแพร่', 10, 1, 0),
(156, '', '', 0, 'นายรัชพล  คำเผ่า', 2, 'ผู้พิพากษาศาลจังหวัดเชียงราย', 6, 1, 0),
(157, '', '', 0, 'นายณัฏฐ์พัฒธร  ยาวิเริง', 2, 'ผู้พิพากษาศาลจังหวัดเชียงราย', 6, 1, 0),
(158, '', '', 0, 'นายสุรเชษฐ์วริศ  มหัทธนะกุล', 2, 'ผู้พิพากษารองหัวหน้าศาลจังหวัดเชียงราย', 6, 1, 0),
(159, '', '', 0, 'นายคมศักดิ์  โตโภชนพันธุ์', 2, 'ผู้พิพากษาศาลจังหวัดเชียงราย', 6, 1, 0),
(160, '', '', 0, 'นายวิทยา  เอี่ยมกล่ำ', 2, 'ผู้พิพากษารองหัวหน้าศาลจังหวัดเชียงราย', 6, 1, 0),
(161, '', '', 0, 'นายรัฐกรณ์  เกียรติลัชชานนท์', 2, 'ผู้พิพากษาศาลจังหวัดเชียงราย', 6, 1, 0),
(162, '', '', 0, 'นายสมคิด  ใจกระเสน', 2, 'ผู้พิพากษารองหัวหน้าศาลจังหวัดเชียงราย', 6, 1, 0),
(163, '', '', 0, 'นายชยนันท์  กิจโอสถ', 2, 'ผู้พิพากษาศาลจังหวัดเชียงราย', 6, 1, 0),
(164, '', '', 0, 'นางวรรณภร  ลิ้มเฉลิมฉัตร', 2, 'ผู้พิพากษารองหัวหน้าศาลจังหวัดเชียงราย', 6, 1, 0),
(165, '', '', 0, 'นางสาววรมน  รามางกูร', 2, 'ผู้พิพากษาศาลจังหวัดเชียงราย', 6, 1, 0),
(166, '', '', 0, 'นายสุจินต์  หลีสกุล', 2, 'ผู้พิพากษารองหัวหน้าศาลจังหวัดเชียงราย', 6, 1, 0),
(167, '', '', 0, 'นางสาวณัฐสิริ  ตันเจริญวงศ์', 2, 'ผู้พิพากษาศาลจังหวัดเชียงราย', 6, 1, 0),
(168, '', '', 0, 'นายคำปุน  ภูธรศรี', 2, 'ผู้พิพากษาศาลจังหวัดเชียงราย', 6, 1, 0),
(169, '', '', 0, 'นายนครินทร์  ปกรณ์วณิชชา', 2, 'ผู้พิพากษาศาลจังหวัดเชียงราย', 6, 1, 0),
(170, '', '', 0, 'นายสมโชค  มีมะแม', 2, 'ผู้พิพากษาศาลจังหวัดเชียงราย', 6, 1, 0),
(171, '', '', 0, 'นายยิ่งยง  กาญจนพายัพ', 2, 'ผู้พิพากษาศาลจังหวัดเชียงราย', 6, 1, 0),
(172, '', '', 0, 'นางชลิตา  ศรีสง่า  เพชรนิล', 2, 'ผู้พิพากษาศาลจังหวัดเชียงราย', 6, 1, 0),
(173, '', '', 0, 'นางกิ่งดาว  ศักดิ์สิทธิ์ศักดิ์', 2, 'ผู้พิพากษาศาลจังหวัดเชียงราย', 6, 1, 0),
(174, '', '', 0, 'นายครรชิต  ปังคานนท์', 2, 'ผู้พิพากษาศาลจังหวัดเชียงราย', 6, 1, 0),
(175, '', '', 0, 'นางสาวปรินดา  เวทพิสัย', 2, 'ผู้พิพากษาศาลจังหวัดเชียงราย', 6, 1, 0),
(178, '', '', 0, 'นายกรด  จันทร์ประเสริฐ', 2, 'ผู้พิพากษา', 13, 1, 0),
(179, '', '', 0, 'นายเฉลิมศักดิ์  บุญยงค์', 2, 'ผู้พิพากษาอาวุโส', 13, 1, 0),
(180, '', '', 0, 'นายบุญยืน  สุภาคำ', 2, 'ผู้พิพากษารองหัวหน้าศาลแขวงเชียงใหม่', 4, 1, 0),
(181, '', '', 0, 'นายสุวิชา  สุขเกษมหทัย', 2, 'ผู้พิพากษาหัวหน้าศาลแขวงเชียงใหม่', 4, 1, 0),
(182, '', '', 0, 'นายธรัชต์  จีระตระกูล', 2, 'ผู้พิพากษารองหัวหน้าศาลแขวงเชียงใหม่', 4, 1, 0),
(183, '', '', 0, 'นางบุศรา  เกิดวิชัย พฤกษมาศ', 2, 'ผู้พิพากษารองหัวหน้าศาลแขวงเชียงใหม่', 4, 1, 0),
(184, '', '', 0, 'นางปัทมาพร  นาคเรืองศรี', 2, 'ผู้พิพากษาศาลแขวงเชียงใหม่', 4, 1, 0),
(185, '', '', 0, 'นายคณากร  เพียรชนะ', 2, 'ผู้พิพากษาศาลแขวงเชียงใหม่', 4, 1, 0),
(186, '', '', 0, 'นางสาวสุนันทา  เธียรถาวร', 2, 'ผู้พิพากษาศาลแขวงเชียงใหม่', 4, 1, 0),
(187, '', '', 0, 'นายบรรดน สมพาน', 2, 'ผู้พิพากษา', 6, 1, 0),
(188, '', '', 0, 'นายนพรัตน์  วิจิตรพันธุ์', 2, 'ผู้พิพากษา', 6, 1, 0),
(189, '', '', 0, 'นายเกรียงศักดิ์   ผ่องโสภณ', 2, 'ผู้พิพากษารองหัวหน้าศาล', 6, 1, 0),
(190, '', '', 0, 'นายปริญญพงศ์ เจียรนัยกุลกนก', 2, 'ผู้พิพากษาหัวหัวหน้าศาลเยาวชนและครอบครัวจังหวัดแพร่', 20, 1, 0),
(191, '', '', 0, 'นายป้อมเพชร ไชยญาติ', 2, 'ผู้พิพากษารองหัวหน้าศาลเยาวชนและครอบครัวจังหวัดแพร่', 20, 1, 0),
(192, '', '', 0, 'นายสุเนตร สาทา', 2, 'ผู้พิพากษาศาลเยาวชนและครอบครัวจังแพร่', 20, 1, 0),
(196, '', '', 0, 'นายบรรดน สมพาน', 2, 'ผู้พิพากษาศาลจังหวัดเทิง', 18, 1, 0),
(197, '', '', 0, 'นายพิเชษฐ บั้งเงิน', 2, 'ผู้พิพากษาศาลจังหวัดเทิง', 18, 1, 0),
(198, '', '', 0, 'นางสาวศศิธร  พงศ์พันธุ์', 2, 'ผู้พิพากษาหัวหน้าคณะชั้นต้นในศาลจังหวัดฝาง', 8, 1, 0),
(199, '', '', 0, 'นายปริญญา ปานเพชร', 2, 'ผู้พิพากษาหัวหน้าศาลจังหวัดเทิง', 18, 1, 0),
(200, '', '', 0, 'นายณัชฐปกรณ์  เจริญรัตนวานนท์', 2, 'ผู้พิพากษาศาลจังหวัดฝาง', 8, 1, 0),
(201, '', '', 0, 'นายณรงค์ศักดิ์  จักรสี', 2, 'ผู้พิพากษาศาลจังหวัดฝาง', 8, 1, 0),
(202, '', '', 0, 'นายสุทธิณัฐ  ไชยเจริญ', 2, 'ผู้พิพากษาศาลจังหวัดฝาง', 8, 1, 0),
(203, '', '', 0, 'นางสาววิริยา  จันทร์จ้อย', 2, 'ผู้พิพากษาศาลจังหวัดฝาง', 8, 1, 0),
(370, '', '', 0, 'นายประชารัฐ  ราศรี ', 2, 'ผู้พิพากษาหัวหน้าคณะชั้นต้นในศาลจังหวัดน่าน', 7, 1, 0),
(209, '', '', 0, 'นายสมภพ นันทโกวัฒน์', 2, 'ผู้พิพากษา', 3, 1, 0),
(369, '', '', 0, 'นายอนุพงษ์  โพร้งประภา', 2, 'ผู้พิพากษาหัวหน้าคณะชั้นต้นในศาลจังหวัดน่าน', 7, 1, 0),
(368, '', '', 0, 'นายประชารัฐ  ราศรี', 2, 'ผู้พิพากษาหัวหน้าคณะชั้นต้นในศาลจังหวัดน่าน', 7, 1, 0),
(213, '', '', 0, 'นายวัชระ  จิรัฐิติเจริญ', 2, 'ผู้พิพากษา', 12, 1, 0),
(214, '', '', 0, 'นางสาวนิชธิมา ปะจันทบุตร', 2, 'ผู้พิพากษา', 3, 1, 0),
(367, '', '', 0, 'นางกาญจนา  สิงห์ไฝแก้ว', 2, 'ผู้พิพากษาหัวหน้าศาลประจำสำนักงานอธิบดีผู้พิพากษาภาค  5', 1, 1, 0),
(366, '', '', 0, 'นายรุ่งวิทย์  วิภาดาพรพงษ์', 2, 'ผู้พิพากษาหัวหน้าคณะชั้นต้นในศาลจังหวัดเชียงราย', 6, 1, 0),
(365, '', '', 0, 'นายรุ่งวิทย์ วิภาดาพรพงษ์', 2, 'ผู้พิพากษาหัวหน้าคณะชั้นต้นในศาลจังหวัดเชียงราย', 6, 1, 0),
(221, '', '', 0, 'นายสมมาตร ฑีฆาอุตมากร', 2, 'ผู้พิพากษารองหัวหน้าศาล', 3, 1, 0),
(223, '', '', 0, 'นายมณเฑียร ตีรอรุณศิริ', 2, 'ผู้พิพากษารองหัวหน้าศาล', 3, 1, 0),
(371, '', '', 0, 'นางสาวธัญญานุช  ตันติกุล', 2, 'ผู้พิพากษา', 17, 1, 0),
(364, '', '', 0, 'นายณัฐวัฒน์  ใบบัว', 2, 'ผู้พิพากษาหัวหน้าคณะชั้นต้นในศาลแขวงเชียงใหม่', 4, 1, 0),
(228, '', '', 0, 'นายอรรถวุฒิ สุวรรณมงคล', 2, 'ผู้พิพากษาศาลเยาวชนและครอบครัวจังหวัดเชียงใหม่', 5, 1, 0),
(229, '', '', 0, 'นายวิชา  เหล่าเทิดพงษ์', 2, 'ผู้พิพากษาหัวหน้าคณะชั้นต้นในศาลจังหวัดแม่สะเรียง', 15, 1, 0),
(360, '', '', 0, 'นายกริชชัย  เชื้อชมภู', 2, 'ผู้พิพากษาหัวหน้าศาลจังหวัดแม่สะเรียง', 15, 1, 0),
(232, '', '', 0, 'นายณรงค์ ซึงถาวร', 2, 'ผู้พิพากษารองหัวหน้าศาลจังหวัดแม่ฮ่องสอน', 16, 1, 0),
(233, '', '', 0, 'นายพีระศักดิ์ ใจเสงี่ยม', 2, 'ผู้พิพากษารองหัวหน้าศาลจังหวัดแม่ฮ่องสอน', 16, 1, 0),
(234, '', '', 0, 'นายนิติธร ภาระจำ', 2, 'ผู้พิพากษา', 16, 1, 0),
(235, '', '', 0, 'นางสาวนภณัฐ อุ่นสกุล', 2, 'ผู้พิพากษา', 16, 1, 0),
(236, '', '', 0, 'นายปวเมษ คล้ายสมบัติ', 2, 'ผู้พิพากษา', 16, 1, 0),
(237, '', '', 0, 'นางสาวชิตาพันธุ์ ปุรณะพรรค์', 2, 'ผู้พิพากษา', 16, 1, 0),
(238, '', '', 0, 'นางสาวรัตตัญญา ไชยโคตร', 2, 'ผู้พิพากษาฯ', 21, 1, 0),
(239, '', '', 0, 'นายวรเกียรติ นวลสุวรรณ', 2, 'ผู้พิพากษา', 3, 1, 0),
(240, '', '', 0, 'นายสิงห์ฐาน จันทรา', 2, 'ผู้พิพากษา', 3, 1, 0),
(242, '', '', 0, 'นายเขมชาติ เทพไชย', 2, 'ผู้พิพากษา', 3, 1, 0),
(243, '', '', 0, 'นายอาทิตย์ เกียรติศิริโรจน์', 2, 'ผู้พิพากษา', 3, 1, 0),
(363, '', '', 0, 'นายรุ่งวิทย์  วิภาดาพรพงษ์', 2, 'ผู้พิพากษาหัวหน้าคณะชั้นต้นในศาลจังหวัดเชียงราย', 6, 1, 0),
(246, '', '', 0, 'นางสาวนิชธิมา ปะจันทบุตร', 2, 'ผู้พิพากษา', 3, 1, 0),
(362, '', '', 0, 'นายธวัช  สถิรเศรษฐ์', 2, 'ผู้พิพากษาหัวหน้าคณะชั้นในศาลจังหวัดเชียงราย', 6, 1, 0),
(248, '', '', 0, 'นายหิรัญ อัศววงศ์เกษม', 2, 'ผู้พิพากษา', 3, 1, 0),
(249, '', '', 0, 'นายกิตติศักดิ์ ดิษฐแก้ว', 2, 'ผู้พิพากษา', 3, 1, 0),
(357, 'wppmc', 'wppmc', 2, 'ศาลแขวงเวียงป่าเป้า', 0, '', 0, 1, 0),
(359, '', '', 0, 'นายเดชวิบุล  พนาเศรษฐเนตร', 2, 'ผู้พิพากษาหัวหน้าคณะชั้นต้นในศาลจังหวัดเชียงราย', 6, 1, 0),
(252, '', '', 0, 'นายฑปกรณ์ สุววัชรานนท์', 2, 'ผู้พิพากษา', 3, 1, 0),
(253, '', '', 0, 'นายประทักษ์    หัสดี', 2, 'ผู้พิพากษารองหัวหน้าศาลเยาวชนและครอบครัวจังหวัดเชียงใหม่', 5, 1, 0),
(254, '', '', 0, 'นายสุรสิทธิ์  อิงสถิตธนวันต์', 2, 'ผู้พิพากษารองหัวหน้าศาลเยาวชนและครอบครัวจังหวัดพะเยา', 23, 1, 0),
(255, '', '', 0, 'นายประวีณ  จันทรบูรณ์', 2, 'ผู้พิพากษาประจำศาล', 17, 1, 0),
(256, '', '', 0, 'นายบุรฉัตร  ปราโมช ณ อยุธยา', 2, 'ผู้พิพากษาหัวหน้าศาลจังหวัดน่าน', 7, 1, 0),
(258, '', '', 0, 'นางสรสิริ จันทรา', 2, 'ผู้พิพากษา', 3, 1, 0),
(355, 'hodc', 'hodc', 1, 'ศาลจังหวัดฮอด', 0, '', 0, 1, 0),
(358, '', '', 0, 'นางสาววาสินี  พรรคทองสุข', 2, 'ผู้พิพากษาหัวหน้าคณะชั้นต้นในศาลจังหวัดน่าน', 7, 1, 0),
(261, '', '', 0, 'นายศรีณัฐ  พสุนธราธรรม', 2, 'ผู้พิพากษารองหัวหน้าศาลจังหวัดน่าน', 7, 1, 0),
(262, '', '', 0, 'นายดำรง  เรืองขจร', 2, 'ผู้พิพากษารองหัวหน้าศาลจังหวัดน่าน', 7, 1, 0),
(263, '', '', 0, 'นายพรรษวุฒิ  ฉิมไพบูลย์', 2, 'ผู้พิพากษาศาลจังหวัดน่าน', 7, 1, 0),
(264, '', '', 0, 'นายอภิสิทธิ์  มีเสรี', 2, 'ผู้พิพากษาศาลจังหวัดน่าน', 7, 1, 0),
(265, '', '', 0, 'นางสาวไพพร  อัมพรกลิ่นแก้ว', 2, 'ผู้พิพากษาศาลจังหวัดน่าน', 7, 1, 0),
(266, '', '', 0, 'นายปวีณ  ปิ่นประยงค์', 2, 'ผู้พิพากษาศาลจังหวัดน่าน', 7, 1, 0),
(267, '', '', 0, 'นายประชาชน  จินันทุยา', 2, 'ผู้พิพากษาศาลจังหวัดน่าน', 7, 1, 0),
(268, '', '', 0, 'นายอภิชาติ ฉิมเรือง', 2, 'ผู้พิพากษา', 3, 1, 0),
(279, '', '', 0, 'นางสาวสรพรรณ  ศรกุล', 2, 'ผู้พิพากษา', 19, 1, 0),
(280, '', '', 0, 'นายสมมาตร ฑีฆาอุตมากร', 2, 'ผู้พิพากษารองหัวหน้าศาล', 3, 1, 0),
(281, '', '', 0, 'นายกิติ  ตรีขจรเกียรติ', 2, 'ผู้พิพากษาศาลเยาวชนและครอบครัวจังหวัดเชียงใหม่', 5, 1, 0),
(282, '', '', 0, 'นายสมชาย  ฝั้นปันวงศ์', 2, 'ผู้พิพากษาศาลจังหวัดเชียงใหม่', 3, 1, 0),
(284, '', '', 0, 'นายสมศักย์  ธรรมชัยเดชา', 2, 'รองอธิบดีผู้พิพากษาภาค  5', 1, 1, 0),
(286, '', '', 0, 'นางสาวปทุมาวดี   พิชชาโชติ ', 2, 'รองอธิบดีผู้พิพากษาภาค  5', 1, 1, 0),
(287, '', '', 0, 'นายเดชา  คำสิทธิ', 2, 'ผู้พิพากษาหัวหน้าศาลประจำสำนักงานอธิบดีผู้พิพากษาภาค  5', 1, 1, 0),
(288, '', '', 0, 'นายธนศร  สังวรเวชชภัณฑ์', 2, 'ผู้พิพากษาหัวหน้าศาลประจำสำนักงานอธิบดีผู้พิพากษาภาค  5', 1, 1, 0),
(289, '', '', 0, 'นายรุ่งโรจน์  จันละ', 2, 'ผู้พิพากษาหัวหน้าศาลประจำสำนักงานอธิบดีผู้พิพากษาภาค  5', 1, 1, 0),
(290, '', '', 0, 'นายธีระนันท์  คุณารัตน์', 2, 'ผู้พิพากษาหัวหน้าศาลประจำสำนักงานอธิบดีผู้พิพากษาภาค  5', 1, 1, 0),
(291, '', '', 0, 'นางสาวทัศนีย์  อังสนานนท์', 2, 'ผู้พิพากษาหัวหน้าศาลประจำสำนักงานอธิบดีผู้พิพากษาภาค  5', 1, 1, 0),
(292, '', '', 0, 'นายนพคุณ  ไชยเทพ', 2, 'ผู้พิพากษาหัวหน้าศาลประจำสำนักงานอธิบดีผู้พิพากษาภาค  5', 1, 1, 0),
(352, '', '', 0, 'นายนันทวัฒน์  ลิ้มธัญลักษณ์', 2, 'ผู้พิพากษาศาลแขวงลำปาง', 12, 1, 0),
(294, '', '', 0, 'นายเริงศักดิ์  วิริยะชัยวงศ์', 2, 'รองอธิบดีผู้พิพากษาภาค  5', 1, 1, 0),
(295, '', '', 0, 'นางยุพาวรรณ  ภูริสินสิทธิ์', 2, 'ผู้พิพากษารองหัวหน้าศาลเยาวชนและครอบครัวจังหวัดลำพูน', 17, 1, 0),
(354, '', '', 0, 'นายอภิชาติ   ฉิมเรือง', 2, 'ผู้พิพากษาศาลจังหวัดเชียงราย', 6, 1, 0),
(353, '', '', 0, 'นายวัชระ  เอี่ยมอธิคม', 2, 'ผู้พิพากษาหัวหน้าคณะชั้นต้นในศาลจังหวัดเชียงราย', 6, 1, 0),
(298, '', '', 0, 'นายธนทร  ผดุงธิติฐ์', 2, 'ผู้พิพากษารองหัวหน้าศาลจังหวัดเชียงใหม่', 3, 1, 0),
(299, '', '', 0, 'นายอาทิตย์ เกียรติศิริโรจน์', 2, 'ผู้พิพากษาศาลจังหวัดเชียงใหม่', 3, 1, 0),
(300, '', '', 0, 'นายเกริก ตรีนุชกร', 2, 'ผู้พิพากษาศาลแขวงลำปาง', 12, 1, 0),
(351, '', '', 0, 'นางษมาภรณ์  ปัณฑรางกูร', 2, 'ผู้พิพากษาศาลจังหวัดเชียงราย', 6, 1, 0),
(350, '', '', 0, 'นางศิริพร  พวงสำลี', 2, 'ผู้พิพากษาหัวหน้าคณะชั้นต้นในศาลจังหวัดเชียงราย', 6, 1, 0),
(303, '', '', 0, 'นายชาคริต จุลมนต์', 2, 'ผู้พิพากษาหัวหน้าศาลประจำสำนักงานอธิบดีผู้พิพากษาภาค  5', 1, 1, 0),
(304, '', '', 0, 'นางนฤมล  สันติสวัสดิ์', 2, 'ผู้พิพากษาหัวหน้าศาลประจำสำนักงานอธิบดีผู้พิพากษาภาค  5', 1, 1, 0),
(305, '', '', 0, 'นายเกรียงศักดิ์ ผ่องโสภณ', 2, 'ผู้พิพากษาหัวหน้าศาลจังหวัดแพร่', 10, 1, 0),
(306, '', '', 0, 'นายบุญยืน สุภาคำ ', 2, 'ผู้พิพากษาหัวหน้าคณะชั้นต้นในศาลจังหวัดแพร่', 10, 1, 0),
(307, '', '', 0, 'นายป้อมเพชร ไชยญาติ ', 2, 'ผู้พิพากษาหัวหน้าคณะชั้นต้นในศาลจังหวัดแพร่ ', 10, 1, 0),
(308, '', '', 0, 'นายณภัทร จริยาธรรมเจริญ ', 2, 'ผู้พิพากษาหัวหน้าคณะชั้นต้นในศาลจังหวัดแพร่ ', 10, 1, 0),
(309, '', '', 0, 'นายพินิจ   บุญประเสริฐ', 2, 'ผู้พิพากษาหัวหน้าคณะชั้นต้นในศาลจังหวัดฝาง', 8, 1, 0),
(310, '', '', 0, 'นายพลจักร์    คงน้อย', 2, 'ผู้พิพากษาหัวหน้าศาลจังหวัดฝาง', 8, 1, 0),
(311, '', '', 0, 'นายสุจิต  ปัญญาพฤกษ์', 2, 'ผู้พิพากษาหัวหน้าคณะชั้นต้นในศาลเยาวชนและครอบครัวจังหวัดลำปาง', 13, 1, 0),
(312, '', '', 0, 'นางสาววิชาภรณ์๋  สกุณา', 2, 'ผู้พิพากษาศาลเยาวชนและครอบครัวจังหวัลำปาง', 13, 1, 0),
(313, '', '', 0, 'นาอิทธิพล  โสขุมา', 2, 'ผู้พิพากษาหัวหน้าศาลจังหวัดเชียงใหม่', 3, 1, 0),
(314, '', '', 0, 'นายอุชาติ เธียรพรานนท์', 2, 'ผู้พิพากษาหัวหน้าคณะชั้นต้นในศาลจังหวัดเชียงราย', 6, 1, 0),
(315, '', '', 0, 'นายสิฏฐ์ ปินตา', 2, 'ผู้พิพากษาศาลจังหวัดเชียงราย', 6, 1, 0),
(316, '', '', 0, 'นายอภิชาต  บัวเล็ก', 2, 'ผู้พิพากษาหัวหน้าคณะชั้นต้นในศาลจังหวัดเชียงราย', 6, 1, 0),
(317, '', '', 0, 'นางมะลิวรรณ  วิภาดาพรพงษ์', 2, 'ผู้พิพากษาศาลจังหวัดสุพรรณบุรี ช่วยทำงานชั่วคราวในตำแหน่งผู้พิพากษาหัวหน้าคณะชั้นต้นในศาลจังหวัดเชียงราย', 6, 1, 0),
(318, '', '', 0, 'นายภาคภูมิ  ปัณฑรางกูร', 2, 'ผู้พิพากษาศาลจังหวัดจันทบุรี ช่วยทำงานชั่วคราวในตำแหน่งผู้พิพากษาหัวหน้าคณะชั้นต้นในศาลจังหวัดเชียงราย', 6, 1, 0),
(319, '', '', 0, 'นางสาวนวลปราง  สินธพานนท์', 2, 'ผู้พิพากษาประจำศาลยุติธรรมช่วยทำงานชั่วคราวในตำแหน่งผู้พิพากษาศาลจังหวัดเทิง', 18, 1, 0),
(320, '', '', 0, 'นายบัณฑิต  ถึงลาภ', 2, 'ผู้พิพากษารองหัวหน้าศาลจังหวัดพะเยา ช่วยทำงานชั่วคราวในตำแหน่งผู้พิพากษาหัวหน้าคณะชั้นต้นในศาลจังหวัดเทิง', 18, 1, 0),
(321, '', '', 0, 'นายจตุรงค์ ศรีเมฆ', 2, 'ผู้พิพากษาศาลจังหวัดเชียงใหม่', 3, 1, 0),
(322, '', '', 0, 'นายอิทธิพล  โสขุมา', 2, 'ผู้พิพากษาหัวหน้าศาลจังหวัดเชียงใหม่', 3, 1, 0),
(323, '', '', 0, 'นายอรรถวุฒิ  สุวรรณมงคล', 2, 'ผู้พิพากษาหัวหน้าคณะชั้นต้นในศาลจังหวัดเชียงใหม่', 3, 1, 0),
(324, '', '', 0, 'นายสุรชัย  สุรัตนโสภณ', 2, 'ผู้พิพากษาหัวหน้าคณะชั้นต้นในศาลจังหวัดเชียงใหม่', 3, 1, 0),
(325, '', '', 0, 'นายเศวต  อิทธิภูวดล', 2, 'ผู้พิพากษารองหัวหน้าคณะชั้นต้นในศาลจังหวัดเชียงใหม่', 3, 1, 0),
(326, '', '', 0, 'นายทวีศักดิ์  ชัยธันยาภัทร์', 2, 'ผู้พิพากษาหัวหน้าคณะชั้นต้นในศาลจังหวัดเชียงใหม่', 3, 1, 0),
(327, '', '', 0, 'นางวันทนา  ถวัลย์ลาภา', 2, 'ผู้พิพากษาหัวหน้าคณะชั้นต้นในศาลจังหวัดเชียงใหม่', 3, 1, 0),
(328, '', '', 0, 'นางสาวดาวน้อย  รักนอบน้อม', 2, 'ผู้พิพากษาหัวหน้าคณะชั้นต้นในศาลจังหวัดเชียงใหม่', 3, 1, 0),
(329, '', '', 0, 'นางสุธิดา  คูหะสุวรรณ', 2, 'ผู้พิพากษาหัวหน้าคณะชั้นต้นในศาลจังหวัดเชียงใหม่', 3, 1, 0),
(330, '', '', 0, 'นายอาทิตย์  สอนไทย', 2, 'ผู้พิพากษาหัวหน้าคณะชั้นต้นในศาลจังหวัดเชียงใหม่', 3, 1, 0),
(331, '', '', 0, 'นายไกรวิช  จามรมาน', 2, 'ผู้พิพากษาหัวหน้าคณะชั้นต้นในศาลจังหวัดเชียงใหม่', 3, 1, 0),
(332, '', '', 0, 'นายสมเกียรติ  คำเนตร', 2, 'ผู้พิพากษาหัวหน้าคณะชั้นต้นในศาลจังหวัดเชียงใหม่', 3, 1, 0),
(333, '', '', 0, 'นางสาวรังสิมา  ลัธธนันท์', 2, 'ผู้พิพากษาหัวหน้าคณะชั้นต้นในศาลจังหวัดเชียงใหม่', 3, 1, 0),
(334, '', '', 0, 'นางปัทมาพร  นาคเรืองศรี', 2, 'ผู้พิพากษาหัวหน้าคณะชั้นต้นในศาลจังหวัดเชียงใหม่', 3, 1, 0),
(335, '', '', 0, 'นายคณากร  เพียรชนะ', 2, 'ผู้พิพากษาหัวหน้าคณะชั้นต้นในศาลจังหวัดเชียงใหม่', 3, 1, 0),
(336, '', '', 0, 'นางกานตา เมตต์ปราณี', 2, 'ผู้พิพากษาศาลจังหวัดเชียงใหม่', 3, 1, 0),
(337, '', '', 0, 'นางรังสิมา ลัธธนันท์', 2, 'ผู้พิพากษาหัวหน้าคณะชั้นต้นในศาลจังหวัดเชียงใหม่', 3, 1, 0),
(338, '', '', 0, 'นายสุพัฒน์ชัย  เมตต์ปราณี', 2, 'ผู้พิพากษาศาลจังหวัดเชียงใหม่', 3, 1, 0),
(339, '', '', 0, 'นายสุพัฒน์ชัย  เมตต์ปราณี', 2, 'ผู้พิพากษาศาลจังหวัดเชียงใหม่', 3, 1, 0),
(340, '', '', 0, 'นายปกรณ์  ยิ่งวรการ', 2, 'ผู้พิพากษาศาลจังหวัดเชียงใหม่', 3, 1, 0),
(341, '', '', 0, 'นายประดิษฐ์  พงษ์สุวรรณ์', 2, 'ผู้พิพากษาศาลจังหวัดเชียงใหม่', 3, 1, 0),
(342, '', '', 0, 'นายจตุรงค์  ศรีเมฆ', 2, 'ผู้พิพากษาศาลจังหวัดเชียงใหม่', 3, 1, 0),
(343, '', '', 0, 'นายอนุกูล  นาเรืองศรี', 2, 'ผู้พิพากษาศาลจังหวัดเชียงใหม่', 3, 1, 0),
(344, '', '', 0, 'นายเพิ่มพูน  พิศาลธุรกิจ', 2, 'ผู้พิพากษาศาลจังหวัดเชียงใหม่', 3, 1, 0),
(345, '', '', 0, 'นางสาวพรรณธวัช  มวญนรา', 2, 'ผู้พิพากษาศาลจังหวัดเชียงใหม่', 3, 1, 0),
(346, '', '', 0, 'นางกานตา  เมตต์ปราณี', 2, 'ผู้พิพากษาศาลจังหวัดเชียงใหม่', 3, 1, 0),
(347, '', '', 0, 'นายปานรวี  ชีวิตโสภณ', 2, 'ผู้พิพากษาศาลจังหวัดเชียงใหม่', 3, 1, 0),
(348, '', '', 0, 'นายศิษฎากร  สวัสดี', 2, 'ผู้พิพากษาศาลจังหวัดเชียงใหม่', 3, 1, 0),
(349, '', '', 0, 'นางสาวอิสริยา สุนทรสิงห์', 2, 'ผู้พิพากษาศาลจังหวัดเชียงใหม่', 3, 1, 0),
(383, '', '', 0, 'นายจิตรภาณุ  คณิตวรรณ', 2, 'ผู้พิพากษาศาลเยาวชนและครอบครัวจังหวัดพะเยา', 23, 1, 0),
(389, '', '', 0, 'yy', 2, 'yy', 3, 1, 0),
(390, '', '', 0, 'xx', 2, 'xx', 3, 1, 0),
(391, '', '', 0, 'krisdada', 2, 'nopost', 8, 1, 0),
(392, '', '', 0, 'Krisda', 2, 'doi', 3, 1, 0),
(393, '', '', 0, 'qqqqqqq', 2, '', 1, 1, 0),
(394, '', '', 0, 'qqqq2', 2, '', 3, 1, 0),
(395, '', '', 0, 'qqqq3', 2, '', 3, 1, 0);

--
-- Indexes for dumped tables
--

--
-- Indexes for table `info_accepts`
--
ALTER TABLE `info_accepts`
  ADD PRIMARY KEY (`id`);

--
-- Indexes for table `info_appointments`
--
ALTER TABLE `info_appointments`
  ADD PRIMARY KEY (`id`);

--
-- Indexes for table `info_appointments2`
--
ALTER TABLE `info_appointments2`
  ADD PRIMARY KEY (`id`);

--
-- Indexes for table `info_at`
--
ALTER TABLE `info_at`
  ADD PRIMARY KEY (`id`);

--
-- Indexes for table `info_at_results`
--
ALTER TABLE `info_at_results`
  ADD PRIMARY KEY (`id`);

--
-- Indexes for table `info_auto_received_nums`
--
ALTER TABLE `info_auto_received_nums`
  ADD PRIMARY KEY (`id`),
  ADD UNIQUE KEY `type_id` (`type_id`,`year_val`);

--
-- Indexes for table `info_cases`
--
ALTER TABLE `info_cases`
  ADD PRIMARY KEY (`id`);

--
-- Indexes for table `info_groups`
--
ALTER TABLE `info_groups`
  ADD PRIMARY KEY (`id`);

--
-- Indexes for table `info_imprisons`
--
ALTER TABLE `info_imprisons`
  ADD PRIMARY KEY (`id`);

--
-- Indexes for table `info_result`
--
ALTER TABLE `info_result`
  ADD PRIMARY KEY (`id`);

--
-- Indexes for table `info_settings`
--
ALTER TABLE `info_settings`
  ADD PRIMARY KEY (`id`),
  ADD UNIQUE KEY `name` (`name`),
  ADD UNIQUE KEY `id` (`id`),
  ADD KEY `name_2` (`name`);

--
-- Indexes for table `info_topics`
--
ALTER TABLE `info_topics`
  ADD PRIMARY KEY (`id`);

--
-- Indexes for table `info_types`
--
ALTER TABLE `info_types`
  ADD PRIMARY KEY (`id`);

--
-- Indexes for table `info_uploads`
--
ALTER TABLE `info_uploads`
  ADD PRIMARY KEY (`id`);

--
-- Indexes for table `info_usergroups`
--
ALTER TABLE `info_usergroups`
  ADD PRIMARY KEY (`id`);

--
-- Indexes for table `info_users`
--
ALTER TABLE `info_users`
  ADD PRIMARY KEY (`id`);

--
-- AUTO_INCREMENT for dumped tables
--

--
-- AUTO_INCREMENT for table `info_accepts`
--
ALTER TABLE `info_accepts`
  MODIFY `id` int(11) NOT NULL AUTO_INCREMENT,AUTO_INCREMENT=15;
--
-- AUTO_INCREMENT for table `info_appointments`
--
ALTER TABLE `info_appointments`
  MODIFY `id` int(11) NOT NULL AUTO_INCREMENT,AUTO_INCREMENT=358;
--
-- AUTO_INCREMENT for table `info_appointments2`
--
ALTER TABLE `info_appointments2`
  MODIFY `id` int(11) NOT NULL AUTO_INCREMENT,AUTO_INCREMENT=14;
--
-- AUTO_INCREMENT for table `info_at`
--
ALTER TABLE `info_at`
  MODIFY `id` int(11) NOT NULL AUTO_INCREMENT,AUTO_INCREMENT=10;
--
-- AUTO_INCREMENT for table `info_at_results`
--
ALTER TABLE `info_at_results`
  MODIFY `id` int(11) NOT NULL AUTO_INCREMENT,AUTO_INCREMENT=2;
--
-- AUTO_INCREMENT for table `info_auto_received_nums`
--
ALTER TABLE `info_auto_received_nums`
  MODIFY `id` int(11) NOT NULL AUTO_INCREMENT,AUTO_INCREMENT=5;
--
-- AUTO_INCREMENT for table `info_cases`
--
ALTER TABLE `info_cases`
  MODIFY `id` int(11) NOT NULL AUTO_INCREMENT,AUTO_INCREMENT=6280;
--
-- AUTO_INCREMENT for table `info_groups`
--
ALTER TABLE `info_groups`
  MODIFY `id` int(11) NOT NULL AUTO_INCREMENT,AUTO_INCREMENT=6;
--
-- AUTO_INCREMENT for table `info_imprisons`
--
ALTER TABLE `info_imprisons`
  MODIFY `id` int(11) NOT NULL AUTO_INCREMENT,AUTO_INCREMENT=4;
--
-- AUTO_INCREMENT for table `info_result`
--
ALTER TABLE `info_result`
  MODIFY `id` int(11) NOT NULL AUTO_INCREMENT,AUTO_INCREMENT=11;
--
-- AUTO_INCREMENT for table `info_settings`
--
ALTER TABLE `info_settings`
  MODIFY `id` int(11) NOT NULL AUTO_INCREMENT,AUTO_INCREMENT=7;
--
-- AUTO_INCREMENT for table `info_topics`
--
ALTER TABLE `info_topics`
  MODIFY `id` int(11) NOT NULL AUTO_INCREMENT,AUTO_INCREMENT=377;
--
-- AUTO_INCREMENT for table `info_types`
--
ALTER TABLE `info_types`
  MODIFY `id` int(11) NOT NULL AUTO_INCREMENT,AUTO_INCREMENT=7;
--
-- AUTO_INCREMENT for table `info_uploads`
--
ALTER TABLE `info_uploads`
  MODIFY `id` int(11) NOT NULL AUTO_INCREMENT;
--
-- AUTO_INCREMENT for table `info_usergroups`
--
ALTER TABLE `info_usergroups`
  MODIFY `id` int(11) NOT NULL AUTO_INCREMENT,AUTO_INCREMENT=4;
--
-- AUTO_INCREMENT for table `info_users`
--
ALTER TABLE `info_users`
  MODIFY `id` int(11) NOT NULL AUTO_INCREMENT COMMENT 'Row id',AUTO_INCREMENT=396;
/*!40101 SET CHARACTER_SET_CLIENT=@OLD_CHARACTER_SET_CLIENT */;
/*!40101 SET CHARACTER_SET_RESULTS=@OLD_CHARACTER_SET_RESULTS */;
/*!40101 SET COLLATION_CONNECTION=@OLD_COLLATION_CONNECTION */;
