-- phpMyAdmin SQL Dump
-- version 4.4.14
-- http://www.phpmyadmin.net
--
-- Host: 127.0.0.1
-- Generation Time: Nov 18, 2015 at 08:40 AM
-- Server version: 5.6.26
-- PHP Version: 5.6.12

SET SQL_MODE = "NO_AUTO_VALUE_ON_ZERO";
SET time_zone = "+00:00";


/*!40101 SET @OLD_CHARACTER_SET_CLIENT=@@CHARACTER_SET_CLIENT */;
/*!40101 SET @OLD_CHARACTER_SET_RESULTS=@@CHARACTER_SET_RESULTS */;
/*!40101 SET @OLD_COLLATION_CONNECTION=@@COLLATION_CONNECTION */;
/*!40101 SET NAMES utf8mb4 */;

--
-- Database: `jor5_informations`
--

-- --------------------------------------------------------

--
-- Table structure for table `info_accepts`
--

CREATE TABLE IF NOT EXISTS `info_accepts` (
  `id` int(11) NOT NULL,
  `name` text CHARACTER SET utf8 NOT NULL
) ENGINE=MyISAM AUTO_INCREMENT=15 DEFAULT CHARSET=latin1;

--
-- Dumping data for table `info_accepts`
--

INSERT INTO `info_accepts` (`id`, `name`) VALUES
(1, 'ปฏิเสธ'),
(2, 'รับสารภาพ'),
(3, 'ภาคเสธ'),
(4, 'จำเลยที่ 1 รับสารภาพ  จำเลยที่ 2 ปฏิเสธ'),
(5, 'จำเลยที่ 1 รับสารภาพ จำเลยที่ 2 ถึงที่ 4 ปฏิเสธ'),
(6, 'ทำสัญญาประนีประนอมยอมความ'),
(7, 'จำเลยที่ 1 รับสารภาพ ส่วนจำเลยที่ 2 และที่ 3 ให้การปฏิเสธฐานจำหน่าย'),
(8, 'จำเลยที่ 1 ปฏิเสธ  จำเลยที่ 2 รับสารภาพ'),
(9, 'จำเลยที่ 1 ที่ 2 ให้การรับสารภาพ จำเลยที่ 3 และที่ 4  ให้การปฏิเสธ'),
(10, 'จำเลยที่ 1 ถึง 3 ให้การรับสารภาพ  จำเลยที่ 4 ที่ 5 ให้การปฏิเสธ');

-- --------------------------------------------------------

--
-- Table structure for table `info_appointments`
--

CREATE TABLE IF NOT EXISTS `info_appointments` (
  `id` int(11) NOT NULL,
  `case_id` int(11) NOT NULL,
  `name` text CHARACTER SET utf8 NOT NULL,
  `date_sent` date DEFAULT NULL,
  `number_sent` text CHARACTER SET utf8 NOT NULL,
  `mouth_number` int(11) NOT NULL,
  `ordering` int(11) NOT NULL,
  `date_app` date DEFAULT NULL,
  `date_received` date DEFAULT NULL,
  `number_received` text CHARACTER SET utf8 NOT NULL
) ENGINE=MyISAM AUTO_INCREMENT=358 DEFAULT CHARSET=latin1;

--
-- Dumping data for table `info_appointments`
--

INSERT INTO `info_appointments` (`id`, `case_id`, `name`, `date_sent`, `number_sent`, `mouth_number`, `ordering`, `date_app`, `date_received`, `number_received`) VALUES
(3, 13, 'นัดสืบพยาน', '2012-12-17', '12', 2, 1, '2013-08-06', NULL, ''),
(15, 38, 'นัดสืบประกอบ', '2014-01-20', 'ศย 305.020/0157', 2, 1, '2014-01-28', NULL, ''),
(1, 11, 'ทดสอบ', '2014-01-16', '', 12, 1, '2014-01-14', NULL, ''),
(4, 15, 'นัดสืบพยานโจทก์', '2014-01-02', '99/2556', 2, 1, '2014-01-13', NULL, ''),
(32, 180, 'นัดสืบพยานโจทก์', '2014-02-05', '', 4, 1, '2014-02-05', NULL, ''),
(6, 21, 'สืบประกอบ', '2013-09-03', 'ศย 305.004/2453', 3, 1, '2013-09-02', NULL, ''),
(7, 12, 'นัดไกล่เกลี่ย', '2013-07-30', 'ศย 305.003/3552', 1, 1, '2013-07-16', NULL, ''),
(17, 132, 'นัดสืบพยานจำเลย', '2014-02-27', 'ศย.305.017/734', 2, 2, '2014-02-05', NULL, ''),
(9, 16, 'นัดพร้อมสืบพยานโจทย์', '2013-09-04', 'ศย 305.016/2322', 3, 1, '2013-07-24', NULL, ''),
(10, 19, 'นัดพิจราณาต่อเนื่อง', '2014-01-06', '1', 2, 1, '2014-01-01', NULL, ''),
(11, 8, 'นัดฟังคำพิพากษา', '2013-11-22', '5555', 0, 1, '2013-11-21', NULL, ''),
(12, 23, 'นัดฟังคำพิพากษา', '0000-00-00', '', 0, 1, '2013-11-18', NULL, ''),
(13, 24, 'นัดฟังคำพิพากษา', '2013-11-06', 'ศย.305.010/123', 1, 1, '2013-11-05', NULL, ''),
(16, 132, ' นัดสืบพยานโจทก์', '2014-02-27', 'ศย.305.017/734', 3, 1, '2014-02-04', NULL, ''),
(19, 142, 'นัดสืบพยานโจทก์ประกอบคำรับสารภาพ', '0000-00-00', 'ศย 305.017/', 2, 2, '2014-02-17', NULL, ''),
(18, 142, 'นัดสืบพยานโจทก์ประกอบคำรับสารภาพ', '0000-00-00', 'ศย 305.017/', 2, 1, '2014-01-27', NULL, ''),
(20, 149, 'นัดสืบพยานโจทก์', '2014-03-06', 'ศย.305.017/841', 4, 1, '2014-02-18', NULL, ''),
(21, 149, 'นัดสืบพยานโจทก์และจำเลย', '0000-00-00', '', 2, 2, '2014-02-19', NULL, ''),
(22, 151, 'นัดสืบพยานโจทก์และจำเลย', '2014-03-07', '', 4, 1, '2014-03-04', NULL, ''),
(23, 152, 'นัดสืบพยานโจทก์ประกอบคำรับสารภาพ', '2014-03-07', '', 2, 1, '2014-02-25', NULL, ''),
(24, 153, 'สืบพยานโจทก์และจำเลย', '2014-03-07', 'ศย 305.017/849', 5, 1, '2014-02-27', NULL, ''),
(25, 176, 'ไต่สวนคำร้อง', '2014-03-21', 'ศย 305.017/943', 4, 1, '2014-02-19', NULL, ''),
(26, 177, 'สืบพยานโจทก์ประกอบคำรับสารภาพของจำเลย', '2014-03-21', 'ศย 305.017/944', 2, 1, '2014-03-03', NULL, ''),
(27, 181, 'นัดสืบพยานโจทก์', '2014-03-17', 'ศย 305.017/971', 3, 1, '2014-03-06', NULL, ''),
(28, 181, 'นัดสืบพยานจำเลย', '2014-03-17', 'ศย 305.017/971', 2, 2, '2014-03-07', NULL, ''),
(29, 182, 'นัดสืบพยานโจทก์', '2014-03-17', 'ศย 305.017/972', 3, 1, '2014-03-04', NULL, ''),
(30, 182, 'นัดสืบพยานโจทก์', '2014-03-17', 'ศย 305.017/972', 2, 2, '2014-03-05', NULL, ''),
(31, 182, 'นัดสืบพยานจำเลย', '2014-03-17', 'ศย 305.017/972', 5, 3, '2014-03-05', NULL, ''),
(36, 179, 'สืบพยานผู้ร้องและผู้คัดค้าน', '2014-02-07', '', 4, 4, '2014-02-07', NULL, ''),
(35, 179, 'นัดสืบพยานผู้ร้อง', '2013-12-13', '', 1, 3, '2013-12-13', NULL, ''),
(33, 179, 'ไต่สวนคำร้อง', '2013-09-02', '', 5, 1, '2013-09-02', NULL, ''),
(34, 179, 'นัดพร้อม', '2013-11-04', '', 0, 2, '2013-11-04', NULL, ''),
(37, 179, 'นัดฟังคำสั่งศาล', '0000-00-00', '', 0, 5, '2014-03-19', NULL, ''),
(38, 178, 'นัดพร้อม', '2013-10-02', '', 1, 1, '2013-10-02', NULL, ''),
(39, 178, 'สืบพยานโจทก์', '2013-12-03', '', 1, 2, '2013-12-03', NULL, ''),
(40, 178, 'สืบพยานโจทก์', '2014-01-29', '', 3, 3, '2014-01-29', NULL, ''),
(41, 178, 'สืบพยานจำเลย', '2014-01-30', '', 2, 4, '2014-01-30', NULL, ''),
(42, 178, 'นัดฟังคำพิพากษา', '0000-00-00', '', 0, 5, '2014-02-25', NULL, ''),
(43, 379, 'สืบประกอบคำรับสารภาพ', '2014-04-02', '305.010/3650', 2, 1, '2014-02-10', NULL, ''),
(44, 453, 'นัดสืบพยานโจทก์ ', '0000-00-00', '', 1, 1, '2014-02-25', NULL, ''),
(45, 453, 'นัดสืบพยานจำเลย', '0000-00-00', '', 3, 2, '2014-03-04', NULL, ''),
(46, 453, 'นัดสืบพยานจำเลย', '0000-00-00', '', 1, 3, '2014-03-10', NULL, ''),
(47, 517, 'นัดไกล่เกลี่ย', '0000-00-00', '', 1, 1, '2014-02-19', NULL, ''),
(48, 517, 'นัดพร้อม', '0000-00-00', '', 1, 2, '2014-02-24', NULL, ''),
(49, 1109, 'สืบโจทก์ประกอบคำรับสารภาพ', '2014-05-29', '', 3, 1, '2014-05-16', NULL, ''),
(50, 1143, '', '0000-00-00', '', 0, 1, '0000-00-00', NULL, ''),
(51, 1201, 'นัดสืบพยานโจทก์ประกอบคำรับสารภาพ', '2014-06-04', 'ศย 305.001/2071', 2, 1, '2014-06-02', NULL, ''),
(52, 853, 'นัดพร้อม 6 พฤษภาคม 2557 ', '2014-04-29', '', 0, 1, '0000-00-00', NULL, ''),
(53, 554, 'นัดพร้อมเพื่ีอฟังผลการปฏิบัติตามแผนแก้ไขบำบัดฟื้นฟูวันที่ ๒๙ กันยายน ๒๕๕๗', '0000-00-00', '', 0, 1, '2014-09-29', NULL, ''),
(54, 1466, 'สืบประกอบ (พยานโจทก์)', '2014-06-25', 'ศย.305.017/2402', 5, 1, '2014-06-10', NULL, ''),
(55, 1565, 'สืบพยานโจทก์  ', '2014-07-10', 'ศย 305.017/2665', 4, 1, '2014-06-17', NULL, ''),
(56, 1565, 'สืบพยานจำเลย', '2014-07-10', 'ศย 305.017/2665', 4, 2, '2014-06-18', NULL, ''),
(57, 1591, '', '2014-07-09', 'ศย 305.003/8020', 0, 1, '0000-00-00', NULL, ''),
(58, 1669, 'สืบพยานโจทก์', '2014-07-24', 'ศย 305.017/2899', 2, 1, '2014-07-21', NULL, ''),
(59, 1713, 'สืบพยานโจทก์', '2014-07-29', 'ศย 305.017/3004', 4, 1, '2014-06-17', NULL, ''),
(60, 1713, 'สืบพยานจำเลย', '2014-07-29', 'ศย 305.017/3004', 4, 2, '2014-06-18', NULL, ''),
(61, 1749, 'นัดสืบพยานโจทก์ประกอบคำรับสารภาพ', '2014-07-30', 'ศย 305.017/3029', 2, 1, '2014-07-28', NULL, ''),
(62, 1858, 'นัดสืบพยานประกอบคำรับสารภาพ', '2014-08-05', 'ศย 305.017/3140', 4, 1, '2014-07-31', NULL, ''),
(63, 1902, 'นัดสืบพยานโจทก์ประกอบคำรับสารภาพ', '2014-08-14', 'ศย 305.017/3288', 2, 1, '2014-08-07', NULL, ''),
(64, 1976, 'รายงานกระบวนพิจารณา', '2014-08-15', '', 1, 1, '2014-07-07', NULL, ''),
(65, 1867, 'นัดสืบพยานโจทก์', '2014-08-22', 'แิแอิแิ', 5, 1, '2014-08-20', NULL, ''),
(66, 2049, 'สืบประกอบ  (พยานโจทก์)', '2014-08-26', 'ศย.305.017/3499', 2, 1, '2014-09-17', NULL, ''),
(67, 2049, 'สืบประกอบ (พยานจำเลย)', '2014-08-26', 'ศย.305.017/3499', 1, 2, '2014-09-17', NULL, ''),
(68, 1699, 'สืบประกอบ (พยานโจทก์)', '2014-08-26', 'ศย.305.017/3499', 2, 1, '2014-09-17', NULL, ''),
(69, 1699, 'สืบประกอบ (พยานจำเลย)', '2014-08-26', 'ศย.305.017/3499', 1, 2, '2014-09-17', NULL, ''),
(70, 223, 'สืบประกอบ', '2014-08-27', 'ศย 305.017/3500', 3, 1, '2014-09-16', NULL, ''),
(71, 2069, 'สืบพยานโจทก์', '2014-08-28', 'ศย 305.017/3539', 4, 1, '2013-01-22', NULL, ''),
(72, 2069, 'สืบพยานโจทก์', '2014-08-28', 'ศย 305.017/3539', 2, 2, '2013-01-23', NULL, ''),
(73, 2069, 'สืบพยานโจทก์', '2014-08-28', 'ศย .305.017/3539', 3, 3, '2013-01-24', NULL, ''),
(74, 2069, 'สืบพยานโจทก์', '2014-08-28', 'ศย 305.017/3539', 3, 4, '2013-01-25', NULL, ''),
(75, 2069, 'สืบพยานโจทก์', '2014-08-28', 'ศย 305.017/3539', 4, 5, '2014-04-29', NULL, ''),
(76, 2069, 'สืบพยานโจทก์', '2014-08-28', 'ศย 305.017/3539', 2, 6, '2014-04-30', NULL, ''),
(77, 2069, 'สืบพยานโจทก์', '2014-08-28', 'ศย 305.017/3539', 1, 7, '2014-07-18', NULL, ''),
(78, 2069, 'สืบพยานจำเลย', '2014-08-28', 'ศย 305.017/3539', 3, 8, '2014-07-18', NULL, ''),
(79, 2069, 'สืบพยานจำเลย', '2014-08-28', 'ศย 305.017/3539', 1, 9, '2014-07-25', NULL, ''),
(80, 2123, 'สืบพยานผู้ร้อง', '2014-09-02', 'ศย 305.017/3607', 7, 1, '2014-07-23', NULL, ''),
(81, 2123, 'สืบพยานผู้คัดค้าน', '2014-09-02', 'ศย 305.017/3607', 3, 2, '2014-09-24', NULL, ''),
(82, 223, 'สืบประกอบ', '2014-09-10', 'ศย 305.017/3760', 3, 2, '2014-09-29', NULL, ''),
(83, 2295, 'สืบพยานโจทก์ประกอบคำรับสารภาพของจำเลย', '2014-09-11', 'ศย 305.017/3778', 4, 1, '2014-09-08', NULL, ''),
(84, 2411, 'นัดสืบพยานโจทก์', '2014-09-19', 'ศย 305.017/3927', 4, 1, '2014-08-19', NULL, ''),
(85, 2411, 'นัดสืบพยานจำเลย', '2014-09-19', 'ศย 305.017/3927', 3, 2, '2014-08-20', NULL, ''),
(86, 2565, 'นัดสืบพยานโจทก์', '2014-09-30', 'ศย 305.017/4074', 2, 1, '2014-04-24', NULL, ''),
(87, 2565, 'นัดสืบพยานโจทก์', '2014-09-30', 'ศย 305.017/4074', 1, 2, '2014-04-25', NULL, ''),
(88, 2565, 'นัดสืบพยานโจทก์/จำเลย', '2014-09-30', 'ศย 305.017/4074', 2, 3, '2014-05-08', NULL, ''),
(89, 2565, 'สืบพยานจำเลย', '2014-09-30', 'ศย 305.017/4074', 3, 4, '2014-08-20', NULL, ''),
(91, 1238, 'สืบพยานจำเลย', '2014-10-01', 'ศย 305.017/4097', 1, 2, '2014-09-18', NULL, ''),
(90, 1238, 'สืบพยานโจทก์', '2014-10-01', 'ศย 305.017/4097', 2, 1, '2014-09-18', NULL, ''),
(92, 1667, 'สืบพยานโจทก์ประกอบคำรับสารภาพของจำเลย', '2014-10-01', 'ศย 305.017/4104', 2, 1, '2014-09-15', NULL, ''),
(93, 2298, 'นัดสืบพยานโจทก์ประกอบคำรับสารภาพของจำเลย', '2014-10-13', 'ศย 305.009/7451', 2, 1, '2014-10-06', NULL, ''),
(94, 469, 'สืบประกอบ', '2014-08-21', 'ศย 305.017/4291', 3, 1, '2014-08-21', NULL, ''),
(95, 2633, '', '0000-00-00', '', 0, 1, '0000-00-00', NULL, ''),
(96, 2608, 'นัดสืบ', '2014-11-19', 'ศย305.009/8353', 2, 1, '2014-10-02', NULL, ''),
(97, 2601, '', '0000-00-00', '', 0, 1, '0000-00-00', NULL, ''),
(98, 190, 'สืบพยานโจทก์ ', '2014-10-14', '305.009/7491', 2, 1, '2014-08-04', NULL, ''),
(99, 192, 'สืบพยานโจทก์', '0000-00-00', '', 2, 1, '2014-07-29', NULL, ''),
(102, 2764, 'นัดสืบพยานจำเลย', '2014-10-16', 'ศย 305.017/4331', 4, 3, '2014-09-17', NULL, ''),
(101, 2764, 'นัดสืบพยานโจทก์', '2014-10-16', 'ศย 305.017/4331', 1, 2, '2014-09-17', NULL, ''),
(100, 2764, 'นัดสืบพยานโจทก์', '2014-10-16', 'ศย 305.017/4331', 2, 1, '2014-08-05', NULL, ''),
(103, 2764, '', '0000-00-00', '', 0, 4, '0000-00-00', NULL, ''),
(104, 900, 'สืบพยานโจทก์ประกอบ', '0000-00-00', '', 2, 1, '2014-07-28', NULL, ''),
(105, 1853, 'ไต่สวนคำร้อง', '0000-00-00', '', 3, 1, '2014-09-01', NULL, ''),
(108, 2831, 'นัดสืบพยานจำเลย', '2014-10-20', 'ศย 305.017/4385', 1, 3, '2014-07-21', NULL, ''),
(107, 2831, 'นัดสืบพยานจำเลย', '2014-10-20', 'ศย 305.017/4385', 2, 2, '2014-06-12', NULL, ''),
(106, 2831, 'นัดสืบพยานโจทก์', '2014-10-20', 'ศย 305.017/4385', 3, 1, '2014-05-02', NULL, ''),
(110, 866, 'สืบพยานจำเลย', '0000-00-00', '', 2, 2, '2014-10-02', NULL, ''),
(109, 866, 'สืบพยานโจทก์', '0000-00-00', '', 3, 1, '2014-10-01', NULL, ''),
(111, 2846, '', '0000-00-00', '', 0, 1, '0000-00-00', NULL, ''),
(112, 2847, 'ไต่ส่วนคำร้อง', '2014-09-04', '', 0, 1, '2014-08-04', NULL, ''),
(113, 2847, 'นัดฟังคำสั่ง', '0000-00-00', '', 0, 2, '2014-09-04', NULL, ''),
(114, 2852, 'สืบพยานโจทก์-จำเลย', '0000-00-00', '', 4, 1, '2014-09-26', NULL, ''),
(115, 2851, 'นัดพร้อม', '0000-00-00', '', 0, 1, '2013-12-27', NULL, ''),
(116, 2851, 'นัดพร้อม', '0000-00-00', '', 4, 2, '2014-01-15', NULL, ''),
(117, 2851, 'สืบพยาน โจทก์ - จำเลย', '0000-00-00', '', 0, 3, '2014-03-04', NULL, ''),
(118, 2851, 'นัดพร้อม', '0000-00-00', '', 0, 4, '2014-05-06', NULL, ''),
(119, 2851, 'นัดพร้อม', '0000-00-00', '', 0, 5, '2014-05-20', NULL, ''),
(191, 1136, 'นัดฟังคำพิพากษา', '2014-08-13', '', 0, 3, '2014-08-13', NULL, ''),
(190, 1136, 'รับสารภาพสืบประกอบ', '2014-07-02', '', 0, 2, '2014-07-02', NULL, ''),
(189, 1136, 'นัดพร้อม', '2014-05-20', '', 0, 1, '2014-05-20', NULL, ''),
(123, 2856, 'นัดพร้อม', '0000-00-00', '', 0, 1, '2014-03-11', NULL, ''),
(124, 2856, 'สืบพยานโจทก์', '0000-00-00', '', 0, 2, '2014-05-14', NULL, ''),
(125, 2856, 'สืบพยานโจทก์', '0000-00-00', '', 0, 3, '2014-05-15', NULL, ''),
(126, 2856, 'สืบพยานจำเลย', '0000-00-00', '', 0, 4, '2014-05-21', NULL, ''),
(127, 2856, 'นัดฟังคำพิพากษา', '0000-00-00', '', 0, 5, '2014-07-17', NULL, ''),
(128, 1695, 'สืบพยานโจทก์ประกอบคำรับสารภาพ', '2014-10-29', 'ศย305.009/7852', 3, 1, '2014-08-25', NULL, ''),
(129, 1532, 'สืบพยานโจทก์ประกอบคำรับสารภาพ', '0000-00-00', '', 2, 1, '2014-08-18', NULL, ''),
(130, 2517, 'สืบพยานโจทก์', '2014-10-27', 'ศย305.009/7756', 3, 1, '2014-10-06', NULL, ''),
(131, 196, 'สืบพยานโจทก์', '0000-00-00', '', 3, 1, '2014-08-26', NULL, ''),
(132, 196, 'สืบพยานโจทก์และจำเลย', '0000-00-00', '', 5, 2, '2014-08-27', NULL, ''),
(133, 1010, 'สืบพยานโจทก์', '0000-00-00', '', 2, 1, '2014-10-15', NULL, ''),
(134, 2922, 'สืบพยานโจทก์', '2014-10-30', 'ศย 305.017/4502', 5, 1, '2014-10-21', NULL, ''),
(135, 2922, 'สืบพยานโจทก์', '2014-10-30', 'ศย 305.017/4502', 2, 2, '2014-10-22', NULL, ''),
(136, 2922, 'นัดสืบพยานโจทก์/จำเลย', '2014-10-30', 'ศย 305.017/4502', 2, 3, '2014-10-24', NULL, ''),
(137, 2594, 'นัดไต่สวน', '2014-10-31', '305.003/13653', 2, 1, '2014-10-28', NULL, ''),
(138, 1057, 'สืบพยานโจทก์จำเลย', '0000-00-00', '', 5, 1, '2014-09-16', NULL, ''),
(139, 1370, 'สืบพยานโจทก์ประกอบคำรับสารภาพ', '0000-00-00', 'ศย.305.009/8012', 2, 1, '2014-08-04', NULL, ''),
(140, 2951, 'สืบพยานโจทก์', '0000-00-00', '', 2, 1, '2014-08-14', NULL, ''),
(142, 194, 'สืบพยานโจทก์-จำเลย', '0000-00-00', 'ศย.305.009/8013', 2, 2, '2014-08-01', NULL, ''),
(141, 194, 'สืบพยานโจทก์', '0000-00-00', '', 3, 1, '2014-07-31', NULL, ''),
(143, 3025, 'สืบพยานโจทก์', '0000-00-00', '', 3, 1, '2014-11-04', NULL, ''),
(144, 1507, 'สืบพยานโจทก์', '0000-00-00', '305.009/7992', 2, 1, '2014-10-09', NULL, ''),
(145, 2396, 'ฟังคำพิพากษา', '2014-10-29', '', 0, 1, '2014-10-29', NULL, ''),
(146, 3077, 'สืบพยานโจทก์-จำเลย', '0000-00-00', '', 0, 1, '2014-07-03', NULL, ''),
(147, 1529, 'สืบพยาน', '0000-00-00', '', 4, 1, '2014-09-29', NULL, ''),
(148, 2399, 'ฟังคำพิพากษา', '2014-10-29', '', 0, 1, '2014-10-29', NULL, ''),
(149, 2397, 'นัดฟังคำพิพากษา', '2014-10-29', '', 0, 1, '2014-10-29', NULL, ''),
(150, 2400, 'นัดฟังคำพิพากษา', '2014-10-29', '', 0, 1, '2014-10-29', NULL, ''),
(151, 2325, 'นัดฟังคำพิพากษา', '2014-10-29', '', 0, 1, '2014-10-29', NULL, ''),
(152, 2323, 'นัดฟังคำพิพากษา', '2014-10-29', '', 0, 1, '2014-10-29', NULL, ''),
(153, 2318, 'นัดฟังคำพิพากษา', '2014-10-29', '', 0, 1, '2014-10-29', NULL, ''),
(154, 2324, 'นัดฟังคำพิพากษา', '2014-10-29', '', 0, 1, '2014-10-29', NULL, ''),
(155, 2394, 'นัดฟังคำพิพากษา', '2014-10-29', '', 0, 1, '2014-10-29', NULL, ''),
(156, 2326, 'ฟังคำพิพากษา', '2014-10-29', '', 0, 1, '2014-10-29', NULL, ''),
(157, 2393, 'นัดฟังคำพิพากษา', '2014-10-29', '', 0, 1, '2014-10-29', NULL, ''),
(158, 2398, 'นัดฟังคำพิพากษา', '2014-10-29', '', 0, 1, '2014-10-29', NULL, ''),
(159, 2390, 'นัดฟังคำพิพากษา', '2014-10-29', '', 0, 1, '2014-10-29', NULL, ''),
(160, 2395, 'นัดฟังคำพิพากษา', '2014-10-29', '', 0, 1, '2014-10-29', NULL, ''),
(161, 2389, 'นัดฟังคำพิพากษา', '2014-10-29', '', 0, 1, '2014-10-29', NULL, ''),
(162, 195, 'นัดสือบพยาน', '2014-11-17', 'ศย305.009/8291', 6, 1, '2014-09-25', NULL, ''),
(163, 2194, 'สืบพยานโจทก์ประกอบคำรับสารภาพ', '0000-00-00', '', 2, 1, '2014-09-15', NULL, ''),
(164, 2402, 'นัดฟังคำพิพากษา', '2014-10-29', '', 0, 1, '2014-10-29', NULL, ''),
(165, 2387, 'นัดฟังคำพิพากษา', '2014-10-29', '', 0, 1, '2014-10-29', NULL, ''),
(166, 3140, 'สืบพยานโจทก์ประกอบคำรับสารภาพ', '0000-00-00', '', 2, 1, '2014-09-01', NULL, ''),
(167, 3119, 'สืบพยานโจทก์', '2014-12-09', 'ศย305.009/8823', 2, 1, '2014-11-10', NULL, ''),
(168, 2388, 'นัดฟังคำพิพากษา', '2014-10-29', '', 0, 1, '2014-10-22', NULL, ''),
(169, 2401, 'นัดฟังคำพิพากษา', '2014-10-29', '', 0, 1, '2014-10-29', NULL, ''),
(170, 2392, 'นัดฟังคำพิพากษา', '2014-10-29', '', 0, 1, '2014-10-29', NULL, ''),
(171, 2391, 'นัดฟังคำพิพากษา', '2014-10-29', '', 0, 1, '2014-10-29', NULL, ''),
(172, 2608, '', '0000-00-00', '', 0, 2, '0000-00-00', NULL, ''),
(175, 3218, 'สืบพยานจำเลย', '2014-11-10', 'ศย 305.017/4631', 2, 3, '2014-10-03', NULL, ''),
(174, 3218, 'สืบพยานโจทก์', '2014-11-10', 'ศย 305.017/4631', 1, 2, '2014-10-03', NULL, ''),
(173, 3218, 'สืบพยานโจทก์', '2014-11-10', 'ศย 305.017/4631', 2, 1, '2014-08-05', NULL, ''),
(176, 2242, 'นัดสืบพยานโจทก์', '2014-11-14', 'ศย 305.017/4708', 2, 1, '2014-11-03', NULL, ''),
(177, 1789, 'นัดสืบพยานโจทก์', '2014-11-14', 'ศย 305.017/4707', 2, 1, '2014-11-11', NULL, ''),
(178, 218, 'นัดสืบพยานโจทก์', '2014-11-19', 'ศย 305.017/4778', 2, 1, '2014-07-03', NULL, ''),
(179, 218, 'นัดสืบพยานโจทก์', '2014-11-19', 'ศย 305.017/4778', 2, 2, '2014-10-14', NULL, ''),
(180, 218, 'นัดสืบพยานโจทก์', '2014-11-19', 'ศย 305.017/4778', 1, 3, '2014-11-11', NULL, ''),
(182, 3219, 'นัดสืบพยานจำเลย', '2014-11-19', 'ศย 305.017/4779', 1, 2, '2014-11-12', NULL, ''),
(181, 3219, 'นัดสืบพยานโจทก์', '2014-11-19', 'ศย 305.017/4779', 3, 1, '2014-09-12', NULL, ''),
(183, 3222, 'นัดฟังคำพิพากษา', '2014-09-30', '', 0, 1, '2014-09-30', NULL, ''),
(184, 3223, '', '0000-00-00', '', 0, 1, '0000-00-00', NULL, ''),
(185, 3224, '', '0000-00-00', '', 0, 1, '0000-00-00', NULL, ''),
(186, 2700, 'นัดฟังคำพิพากษา', '2014-11-11', '', 0, 1, '2014-11-11', NULL, ''),
(187, 2699, 'นัดฟังคำพิพากษา', '2014-11-11', '', 0, 1, '2014-11-11', NULL, ''),
(188, 2697, 'นัดฟังคำพิพากษา', '0000-00-00', '', 0, 1, '2014-11-11', NULL, ''),
(192, 3229, 'สืบพยาน', '2014-11-20', 'ศย305.009/8375', 9, 1, '2014-05-29', NULL, ''),
(193, 3231, 'สืบพยานโจทก์ประกอบคำรับสารภาพของจำเลย', '2014-11-21', 'ศย 305.017/4800', 2, 1, '2014-11-18', NULL, ''),
(194, 1911, 'นัดสืบพยานโจทก์', '2014-11-24', 'ศย 305.017/4814', 2, 1, '2014-10-14', NULL, ''),
(195, 1911, 'นัดสืบพยานโจทก์', '2014-11-24', 'ศย 305.017/4814', 2, 2, '2014-10-14', NULL, ''),
(196, 1911, 'นัดสืบพยานจำเลย', '2014-11-24', 'ศย 305.017/4814', 2, 3, '2014-10-14', NULL, ''),
(197, 3239, 'ไต่สวนคำร้อง', '0000-00-00', '', 0, 1, '2014-12-09', NULL, ''),
(198, 1026, 'สืบพยานโจทก์', '2014-11-25', 'ศย 305.017/4827', 2, 1, '2014-10-01', NULL, ''),
(199, 1026, 'สืบพยานโจทก์และจำเลย', '2014-11-25', 'ศย 305.017/4827', 6, 2, '2014-11-05', NULL, ''),
(200, 3265, 'สืบพยานโจทก์ประกอบคำรับสารภาพ', '0000-00-00', '', 2, 1, '2014-08-25', NULL, ''),
(202, 996, 'สืบพยานโจทก์-จำเลย', '2014-11-27', 'ศย305.009/8547', 5, 2, '2014-10-24', NULL, ''),
(201, 996, 'สืบพยานโจทก์', '0000-00-00', '', 4, 1, '2014-10-16', NULL, ''),
(203, 3115, 'นัดสืบพยานโจทก์', '2014-11-26', 'ศย305.009/8545', 2, 1, '2014-10-27', NULL, ''),
(204, 3290, 'ไต่สวนมูลฟ้อง', '2014-11-28', '305.003/13951', 1, 1, '2014-11-25', NULL, ''),
(205, 1788, 'สืบพยานโจทก์', '2014-12-01', 'ศย 305.017/4871', 1, 1, '2014-10-06', NULL, ''),
(206, 1788, 'สืบพยานโจทก์', '2014-12-01', 'ศย 305.017/4871', 1, 2, '2014-11-24', NULL, ''),
(208, 2198, 'สืบพยานจำเลย', '2014-12-01', 'ศย.305.009/8627', 3, 2, '2014-11-07', NULL, ''),
(207, 2198, 'สืบพยานโจทก์', '2014-12-01', 'ศย.305.009/8627', 2, 1, '2014-11-07', NULL, ''),
(209, 3307, 'สืบพยานโจทก์', '2014-12-01', 'ศย.305.009/8593', 4, 1, '2014-10-17', NULL, ''),
(210, 3307, 'สืบพยาน', '2014-12-01', 'ศย.305.009/8593', 4, 2, '2014-10-17', NULL, ''),
(211, 2685, '', '0000-00-00', 'ศย305.009/8697', 0, 1, '0000-00-00', NULL, ''),
(212, 3341, 'นัดสืบพยานโจทก์', '2014-12-04', 'ศย 305.017/4945', 4, 1, '2014-11-25', NULL, ''),
(213, 3341, 'นัดสืบพยานจำเลย', '2014-12-04', 'ศย 305.017/4945', 2, 2, '2014-11-26', NULL, ''),
(214, 3114, 'สืบพยาน', '0000-00-00', 'ศย.305.009/8746', 0, 1, '0000-00-00', NULL, ''),
(217, 3397, 'สืบพยานจำเลย', '2014-12-09', 'ศย 305.017/5015', 1, 3, '2014-11-25', NULL, ''),
(216, 3397, 'สืบพยานโจทก์', '2014-12-09', 'ศย 305.017/5015', 5, 2, '2014-11-19', NULL, ''),
(215, 3397, 'สืบพยานโจทก์', '2014-12-09', 'ศย 305.017/5015', 1, 1, '2014-11-18', NULL, ''),
(218, 1064, 'นัดพร้อม', '0000-00-00', '', 0, 1, '2014-10-14', NULL, ''),
(219, 3398, 'สืบพยานโจทก์', '0000-00-00', '', 3, 1, '2014-09-02', NULL, ''),
(220, 3398, 'ฟังคำพิพากษา', '0000-00-00', '', 0, 2, '2014-10-15', NULL, ''),
(221, 3034, 'ไต่สวนคำร้อง', '0000-00-00', '', 1, 1, '2014-11-17', NULL, ''),
(222, 3407, 'สืบพยานโจทก์', '0000-00-00', '', 0, 1, '2014-07-08', NULL, ''),
(223, 3407, 'ฟังคำพิพากษา', '0000-00-00', '', 0, 2, '2014-10-30', NULL, ''),
(224, 1059, 'นัดพร้อม', '0000-00-00', '', 0, 1, '2014-10-30', NULL, ''),
(225, 1062, 'สืบพยานโจทก์', '0000-00-00', '', 0, 1, '2014-11-18', NULL, ''),
(226, 1061, 'สืบพยานโจทก์', '0000-00-00', '', 0, 1, '2014-09-19', NULL, ''),
(227, 3420, 'ฟังคำพิพากษา', '0000-00-00', '', 0, 1, '2014-11-27', NULL, ''),
(228, 3431, 'ฟังคำพิพากษา', '0000-00-00', '', 0, 1, '2014-08-27', NULL, ''),
(229, 2197, 'นัดพร้อม', '0000-00-00', '', 0, 1, '2014-09-01', NULL, ''),
(230, 1507, 'ฟังคำพิพากษา', '0000-00-00', '', 0, 2, '2014-11-26', NULL, ''),
(231, 2192, 'นัดพร้อม', '0000-00-00', '', 0, 1, '2014-09-02', NULL, ''),
(232, 2192, 'สืบพยานโจทก์', '0000-00-00', '', 0, 2, '2014-10-21', NULL, ''),
(233, 2192, 'สืบพยานโจทก์', '0000-00-00', '', 0, 3, '2014-12-22', NULL, ''),
(234, 2192, 'สืบพยานจำเลย', '0000-00-00', '', 0, 4, '2014-10-28', NULL, ''),
(235, 2192, 'นัดฟังคำพิพากษา', '2014-12-16', '', 0, 5, '2014-12-16', NULL, ''),
(236, 2770, 'สืบพยานโจทก์ประกอบคำรับสารภาพ', '0000-00-00', '', 2, 1, '2014-10-20', NULL, ''),
(237, 3191, 'สืบพยานโจทก์ประกอบคำรับสารภาพ', '0000-00-00', '', 1, 1, '2014-12-08', NULL, ''),
(238, 1647, 'สืบพยานโจทก์', '0000-00-00', '', 5, 1, '2014-12-02', NULL, ''),
(239, 1647, 'สืบพยานโจทก์', '0000-00-00', '', 1, 2, '2014-12-03', NULL, ''),
(240, 1647, 'สืบพยานโจทก์และจำเลย', '0000-00-00', '', 3, 3, '2014-12-04', NULL, ''),
(241, 1647, 'ฟังคำพิพากษา', '0000-00-00', '', 0, 4, '2015-01-16', NULL, ''),
(242, 3651, 'สืบพยานโจทก์', '0000-00-00', '', 4, 1, '2014-11-11', NULL, ''),
(243, 3651, 'สืบพยานโจทก์และจำเลย', '0000-00-00', '', 4, 2, '2014-11-12', NULL, ''),
(244, 3651, 'สืบพยานจำเลย', '0000-00-00', '', 2, 3, '2014-11-13', NULL, ''),
(245, 3651, 'ฟังคำพิพากษา', '0000-00-00', '', 0, 4, '2015-01-28', NULL, ''),
(246, 4116, 'ไต่สวนมูลฟ้อง', '2015-02-09', '', 2, 1, '2015-02-09', NULL, ''),
(247, 3503, 'สืบพยานโจทก์ประกอบคำรับสารภาพ', '0000-00-00', '', 3, 1, '2015-02-09', NULL, ''),
(248, 3287, 'นัดต่อเนื่อง', '0000-00-00', '', 7, 1, '2015-02-19', NULL, ''),
(249, 3558, 'นัดไต่สวนมูลฟ้อง', '2015-03-31', 'ศย 305.003/4223', 1, 1, '2015-03-25', NULL, ''),
(250, 3856, 'สอบคำให้การและตรวจพยานหลักฐาน', '0000-00-00', '', 0, 1, '2015-02-09', NULL, ''),
(251, 2686, 'สืบพยานโจทก์', '0000-00-00', '', 6, 1, '2014-12-16', NULL, ''),
(252, 2686, 'สืบพยานโจทก์และจำเลย', '0000-00-00', '', 4, 2, '2014-12-17', NULL, ''),
(253, 2686, 'ฟังคำพิพากษา', '0000-00-00', '', 0, 3, '2015-03-10', NULL, ''),
(254, 3503, 'ฟังคำพิพากษา', '0000-00-00', '', 0, 2, '2015-03-24', NULL, ''),
(258, 2587, 'สืบพยานจำเลย', '0000-00-00', '', 1, 4, '2015-03-13', NULL, ''),
(257, 2587, 'สืบพยานจำเลย', '0000-00-00', '', 5, 3, '2015-03-06', NULL, ''),
(256, 2587, 'สืบพยานโจทก์', '0000-00-00', '', 3, 2, '2015-03-05', NULL, ''),
(255, 2587, 'สืบพยานโจทก์', '0000-00-00', '', 4, 1, '2015-03-03', NULL, ''),
(259, 1668, 'สืบพยานผู้ร้อง', '2015-03-31', 'ศย 305.017/1348', 2, 1, '2014-12-03', NULL, ''),
(260, 1668, 'สืบพยานผู้คัดค้าน', '2015-03-31', 'ศย 305.017/1348', 4, 2, '2015-02-27', NULL, ''),
(261, 3410, 'สืบพยานประกอบคำรับสารภาพ', '0000-00-00', '', 2, 1, '2015-04-23', NULL, ''),
(262, 4523, 'สืบพยานโจทก์', '0000-00-00', '', 2, 1, '2014-04-02', NULL, ''),
(263, 4523, 'สืบพยานโจทก์', '0000-00-00', '', 1, 2, '2014-11-25', NULL, ''),
(264, 4523, 'สืบพยานโจทก์', '0000-00-00', '', 5, 3, '2014-11-26', NULL, ''),
(265, 4523, 'สืบพยานโจทก์', '0000-00-00', '', 3, 4, '2014-11-27', NULL, ''),
(266, 4523, 'สืบพยานโจทก์', '0000-00-00', '', 4, 5, '2014-11-28', NULL, ''),
(267, 4523, 'สืบพยานโจทก์', '0000-00-00', '', 1, 6, '2015-01-29', NULL, ''),
(268, 4523, 'สืบพยานโจทก์และจำเลย', '0000-00-00', '', 3, 7, '2015-03-30', NULL, ''),
(269, 1246, 'ไต่สวนคำร้อง', '0000-00-00', '', 1, 1, '2015-03-30', NULL, ''),
(270, 4575, 'นัดสืบพยานโจทก์', '2015-04-17', 'ศย 503.017/1516', 3, 1, '2015-03-12', NULL, ''),
(271, 4575, 'นัดสืบพยานจำเลย', '2015-04-17', 'ศย 503.017/1516', 2, 2, '2015-03-13', NULL, ''),
(272, 4633, 'นัดสืบพยานโจทก์/จำเลย', '2015-04-23', 'ศย 305.017/1593', 4, 1, '2015-04-10', NULL, ''),
(273, 4642, 'นัดสืบพยานโจทก์', '2015-04-24', 'ศย 305.017/1633', 1, 1, '2015-02-10', NULL, ''),
(274, 4642, 'นัดสืบพยานโจทก์', '2015-04-24', 'ศย 305.017/1633', 2, 2, '2015-02-11', NULL, ''),
(275, 4642, 'นัดสืบพยานโจทก์', '2015-04-24', 'ศย 305.017/1633', 2, 3, '2015-03-06', NULL, ''),
(276, 4642, 'นัดสืบพยานจำเลย', '2015-04-24', 'ศย 305.017/1633', 4, 4, '2015-03-17', NULL, ''),
(277, 4501, 'โจทก์', '0000-00-00', '', 8, 1, '2015-02-10', NULL, ''),
(278, 4501, 'จำเลย', '0000-00-00', '', 2, 2, '2015-02-12', NULL, ''),
(279, 3369, 'สืบโจทก์', '0000-00-00', '', 2, 1, '2015-03-09', NULL, ''),
(280, 3369, 'สืบจำเลย', '0000-00-00', '', 1, 2, '2015-03-09', NULL, ''),
(281, 3824, 'สืบพยานโจทก์', '0000-00-00', '', 2, 1, '2015-03-16', NULL, ''),
(282, 1226, 'สืบพยานโจทก์', '0000-00-00', '', 2, 1, '2015-03-17', NULL, ''),
(283, 1226, 'สืบพยานจำเลย', '0000-00-00', '', 1, 2, '2015-03-17', NULL, ''),
(284, 3344, 'สืบพยานโจทก์', '0000-00-00', '', 2, 1, '2015-05-27', NULL, ''),
(285, 3288, 'สืบพยานโจทก์', '0000-00-00', '', 2, 1, '2015-04-20', NULL, ''),
(286, 3652, 'สืบพยานโจทก์', '2015-05-06', 'ศย 305.017/1763', 4, 1, '2015-04-09', NULL, ''),
(287, 3652, 'สืบพยานจำเลย', '2015-05-06', 'ศย 305.017/1763', 2, 2, '2015-04-09', NULL, ''),
(288, 4750, 'นัดสืบพยานโจทก์/จำเลย', '2015-05-08', 'ศย 305.017/1805', 5, 1, '2015-04-23', NULL, ''),
(290, 3214, 'สืบพยานโจทก์ประกอบคำรับสารภาพ', '0000-00-00', '', 2, 2, '2015-05-11', NULL, ''),
(289, 3214, 'สืบพยานโจทก์ประกอบคำรับสารภาพ', '0000-00-00', '', 0, 1, '2015-02-16', NULL, ''),
(291, 46, 'สืบพยานโจทก์', '0000-00-00', '', 2, 1, '2014-09-02', NULL, ''),
(292, 46, 'สืบพยานโจทก์', '0000-00-00', '', 3, 2, '2014-09-03', NULL, ''),
(293, 46, 'สืบพยานโจทก์', '0000-00-00', '', 1, 3, '2014-11-24', NULL, ''),
(294, 46, 'สืบพยานโจทก์', '0000-00-00', '', 1, 4, '2016-02-23', NULL, ''),
(295, 46, 'สืบพยานจำเลย', '0000-00-00', '', 3, 5, '2015-05-11', NULL, ''),
(296, 4891, 'นัดสืบพยานผู้ร้อง', '2015-05-25', 'ศย 305.017/2111', 3, 1, '2015-05-06', NULL, ''),
(297, 4891, 'นัดสืบพยานผู้คัดค้าน', '2015-05-25', 'ศย 305.017/2111', 4, 2, '2015-05-07', NULL, ''),
(298, 3505, 'จัดการพิเศษ สืบพยานโจทก์ประกอบคำรับสารภาพ', '0000-00-00', '', 3, 1, '2015-05-25', NULL, ''),
(299, 3210, 'นัดสืบพยานโจทก์', '2015-06-08', '', 6, 1, '2015-04-30', NULL, ''),
(300, 3210, 'นัดสืบพยานจำเลย', '2015-06-08', '', 1, 2, '2015-05-01', NULL, ''),
(301, 3411, 'สืบพยานโจทก์', '0000-00-00', '', 2, 1, '2015-05-21', NULL, ''),
(302, 3348, 'สืบพยานโจทก์จำเลย', '0000-00-00', '', 4, 1, '2015-05-14', NULL, ''),
(303, 2688, 'สืบพยานโจทก์', '0000-00-00', '', 4, 1, '2015-03-24', NULL, ''),
(304, 2688, 'สืบพยานโจทก์และจำเลย', '0000-00-00', '', 3, 2, '2015-03-25', NULL, ''),
(305, 5132, '', '0000-00-00', '', 0, 1, '0000-00-00', NULL, ''),
(306, 5148, 'นัดพร้อม', '2015-06-15', '', 0, 1, '2015-06-15', NULL, ''),
(307, 5148, 'นัดพร้อม', '0000-00-00', '', 0, 2, '2015-06-30', NULL, ''),
(308, 5237, 'สืบพยานประกอบคำรับสารภาพจำเลย', '2015-06-29', 'ศย 305.017/2702', 3, 1, '2015-06-23', NULL, ''),
(309, 3781, 'สืบพยานโจทก์', '0000-00-00', '', 2, 1, '2015-06-23', NULL, ''),
(310, 3214, 'ฟังคำพิพากษา', '0000-00-00', '', 0, 3, '2015-06-11', NULL, ''),
(311, 5349, 'ไต่สวนคำร้อง', '0000-00-00', '', 0, 1, '2015-07-28', NULL, ''),
(312, 4628, 'สืบพยานโจทก์', '0000-00-00', '', 3, 1, '2015-06-22', NULL, ''),
(313, 4637, 'สืบพยานโจทก์ประกอบคำรับสารภาพของจำเลย', '2015-07-23', 'ศย 305.017/3224', 3, 1, '2015-06-30', NULL, ''),
(314, 3121, 'สืบพยานโจทก์', '0000-00-00', '', 4, 1, '2015-05-06', NULL, ''),
(315, 3121, 'สืบพยานจำเลย', '0000-00-00', '', 3, 2, '2015-05-07', NULL, ''),
(316, 4822, 'สืบพยานโจทก์ประกอบคำรับสารภาพฯ', '0000-00-00', '', 2, 1, '2015-07-20', NULL, ''),
(317, 4123, 'นัดสืบพยานโจทก์ ', '0000-00-00', '', 5, 1, '2015-07-07', NULL, ''),
(318, 4123, 'นัดสืบพยานโจทก์และพยานจำเลย ', '0000-00-00', '', 3, 2, '2015-07-08', NULL, ''),
(319, 2867, 'สืบพยานโจทก์', '0000-00-00', '', 10, 1, '2015-05-26', NULL, ''),
(320, 2867, 'สืบพยานจำเลย', '0000-00-00', '', 2, 2, '2015-05-29', NULL, ''),
(321, 3686, 'สืบพยานโจทก์จำเลย', '0000-00-00', '', 5, 1, '2015-05-12', NULL, ''),
(322, 5116, 'สืบพยานโจทก์ประกอบคำรับสารภาพของจำเลย', '2015-08-05', 'ศย 305.017/3398', 4, 1, '2015-07-06', NULL, ''),
(323, 3685, 'สืบพยานโจทก์', '0000-00-00', '', 4, 1, '2015-07-21', NULL, ''),
(324, 3685, 'สืบพยานโจทก์', '0000-00-00', '', 5, 2, '2015-07-22', NULL, ''),
(325, 3685, 'สืบพยานโจทก์', '0000-00-00', '', 3, 3, '2015-07-23', NULL, ''),
(326, 3685, 'สืบพยานโจทก์', '0000-00-00', '', 4, 4, '2015-07-24', NULL, ''),
(327, 3685, 'สืบพยานจำเลย', '0000-00-00', '', 1, 5, '2015-07-24', NULL, ''),
(328, 5173, 'สืบพยานโจทก์ประกอบคำรับสารภาพ', '0000-00-00', '', 3, 1, '2015-08-11', NULL, ''),
(329, 3922, 'สืบพยานโจทก์ประกอบคำรับสารภาพ', '0000-00-00', '', 3, 1, '2015-08-28', NULL, ''),
(330, 4731, 'สืบพยานโจทก์ประกอบคำรับสารภาพ', '0000-00-00', '', 2, 1, '2015-07-27', NULL, ''),
(331, 5778, 'ไต่สวนคำร้อง', '0000-00-00', '', 0, 1, '2015-09-29', NULL, ''),
(332, 3046, 'สืบพยานโจทก์', '0000-00-00', '', 4, 1, '2015-07-17', NULL, ''),
(333, 3046, 'สืบพยานโจทก์', '0000-00-00', '', 5, 2, '2015-07-23', NULL, ''),
(334, 3046, 'สืบพยานจำเลย', '0000-00-00', '', 3, 3, '2015-08-27', NULL, ''),
(335, 5841, 'นัดสืบประกอบคำรับสารภาพ', '2015-08-27', 'ศย 305.017/3638', 3, 1, '2015-07-14', NULL, ''),
(336, 5842, 'นัดสืบประกอบคำรับสารภาพ', '2015-08-27', 'ศย 305.017/3638', 4, 1, '2015-07-20', NULL, ''),
(337, 4727, 'นัดสืบพยานโจทก์ประกอบคำรับสารภาพของจำเลย ', '0000-00-00', '', 3, 1, '2015-09-01', NULL, ''),
(338, 5197, 'ไต่สวนพยานผู้ร้อง', '2015-09-09', 'ศย 305.017/3835', 5, 1, '2015-08-17', NULL, ''),
(339, 5952, 'นัดสืบพยานโจทก์', '2015-09-11', 'ศย 305.023/2558', 2, 1, '2015-10-14', NULL, ''),
(340, 6093, 'สืบพยานโจทก์ประกอบคำรับสารภาพของจำเลย', '2015-09-22', 'ศย 305.017/4018', 2, 1, '2015-08-03', NULL, ''),
(341, 6094, 'นัดสืบพยานโจทก์ประกอบคำรับสารภาพของจำเลย', '2015-09-22', 'ศย 305.017/4019', 2, 1, '2015-07-29', NULL, ''),
(342, 4204, 'สืบพยานโจทก์', '0000-00-00', '', 3, 1, '2015-07-16', NULL, ''),
(343, 4204, 'สืบพยานจำเลย', '0000-00-00', '', 1, 2, '2015-07-16', NULL, ''),
(344, 4889, 'สืบพยานโจทก์', '0000-00-00', '', 4, 1, '2015-09-15', NULL, ''),
(345, 4889, 'สืบพยานโจทก์', '0000-00-00', '', 4, 2, '2015-09-16', NULL, ''),
(346, 4889, 'สืบพยานโจทก์', '0000-00-00', '', 2, 3, '2015-09-17', NULL, ''),
(347, 4889, 'สืบพยานจำเลย', '0000-00-00', '', 6, 4, '2015-09-18', NULL, ''),
(348, 6170, 'สืบพยานโจทก์', '2015-09-29', 'ศย 305.017/4120', 3, 1, '2015-07-21', NULL, ''),
(349, 6170, 'สืบพยานโจทก์/จำเลย', '2015-09-29', 'ศย 305.017/4120', 3, 2, '2015-08-11', NULL, ''),
(350, 6194, 'ไต่สวนคำร้อง', '2015-09-30', 'ศย 305.017/4175', 4, 1, '2015-08-24', NULL, ''),
(351, 6195, 'ไต่สวนคำร้อง', '2015-09-30', 'ศย 305.017/4175', 4, 1, '2015-09-14', NULL, ''),
(352, 4027, 'สืบพยานโจทก์', '0000-00-00', '', 2, 1, '2015-07-14', NULL, ''),
(353, 4027, 'สืบพยานโจทก์', '0000-00-00', '', 3, 2, '2015-07-15', NULL, ''),
(354, 4027, 'สืบพยานจำเลย', '0000-00-00', '', 3, 3, '2015-07-16', NULL, ''),
(355, 4027, 'สืบพยานจำเลย', '0000-00-00', '', 4, 4, '2015-09-18', NULL, ''),
(356, 5168, ' สืบพยานโจทก์ประกอบคำรับสารภาพ', '0000-00-00', '', 2, 1, '2015-10-05', NULL, ''),
(357, 6263, '01-aa', '2015-10-12', '11aa', 11, 1, '2015-10-11', '2015-10-16', 'Pak-1610');

-- --------------------------------------------------------

--
-- Table structure for table `info_appointments2`
--

CREATE TABLE IF NOT EXISTS `info_appointments2` (
  `id` int(11) NOT NULL,
  `case_id` int(11) NOT NULL,
  `name` text CHARACTER SET utf8 NOT NULL,
  `date_sent` date DEFAULT NULL,
  `number_sent` text CHARACTER SET utf8 NOT NULL,
  `ordering` int(11) NOT NULL,
  `date_app` date DEFAULT NULL,
  `date_app_time` text CHARACTER SET utf8 NOT NULL,
  `date_received` date DEFAULT NULL,
  `number_received` text CHARACTER SET utf8 NOT NULL
) ENGINE=MyISAM AUTO_INCREMENT=14 DEFAULT CHARSET=latin1;

--
-- Dumping data for table `info_appointments2`
--

INSERT INTO `info_appointments2` (`id`, `case_id`, `name`, `date_sent`, `number_sent`, `ordering`, `date_app`, `date_app_time`, `date_received`, `number_received`) VALUES
(1, 14, 'ฟังคำสั่ง', '2014-01-16', '123456789', 1, '2014-01-16', '09.00', NULL, ''),
(2, 15, 'นักสืบพยานจำเลย', '2014-01-04', '99/2556', 1, '2014-01-05', ' 9.00', NULL, ''),
(3, 13, 'นัดร่วม', '2013-05-29', 'ศย 305.011/2894', 1, '2013-08-06', '9.00 น', NULL, ''),
(4, 7, 'นัดสืบ', '2014-01-16', 'ศย 305.014/1689', 1, '2013-12-03', '13.30 น.', NULL, ''),
(5, 18, 'นัดพร้อม', '2013-05-01', 'ศย.305.022/813', 1, '2013-05-16', '09.00', NULL, ''),
(6, 16, 'นัดสอบถาม', '2013-09-04', 'ศย 305.016/2322', 1, '2013-06-26', '14.00', NULL, ''),
(7, 12, 'นัดไกล่เกลีย', '2013-07-19', 'ศย 305.003/3333', 1, '2013-07-16', '09.00', NULL, ''),
(8, 4116, 'ไต่สวนมูลฟ้อง', '2015-02-09', '', 1, '2015-02-09', '09.00 น.', NULL, ''),
(9, 4116, 'สอบคำให้การ', '0000-00-00', '', 2, '2015-03-26', '10.00 น.', NULL, ''),
(10, 3287, 'ฟังคำพิพากษา', '0000-00-00', '', 1, '2015-03-22', '09.00', NULL, ''),
(11, 5148, 'นัดพร้อม', '2015-06-15', '', 1, '2015-06-15', '09.00', NULL, ''),
(12, 5148, 'นัดพร้อม', '0000-00-00', '', 2, '2015-06-30', '09.00', NULL, ''),
(13, 6263, '22-bb', '2015-10-22', '22-bb-xx', 1, '2015-10-21', '21:00', NULL, '');

-- --------------------------------------------------------

--
-- Table structure for table `info_at`
--

CREATE TABLE IF NOT EXISTS `info_at` (
  `id` int(11) NOT NULL,
  `name` text CHARACTER SET utf8 NOT NULL,
  `checked` int(11) DEFAULT '0',
  `copyied` int(11) DEFAULT '0',
  `regulared` int(11) DEFAULT '0'
) ENGINE=MyISAM AUTO_INCREMENT=13 DEFAULT CHARSET=latin1;

--
-- Dumping data for table `info_at`
--

INSERT INTO `info_at` (`id`, `name`, `checked`, `copyied`, `regulared`) VALUES
(11, 'ไม่ตรวจ/ไม่ส่งสำเนา', 0, 0, 0),
(2, 'ตรวจ', 1, 1, 0),
(10, 'ตรวจและรายงานทุกนัด', 1, 1, 0),
(4, 'ตรวจและร่วมนั่งพิจารณาคดี', 1, 1, 0),
(12, 'ไม่ตรวจ/ส่งสำเนา', 0, 1, 0);

-- --------------------------------------------------------

--
-- Table structure for table `info_at_results`
--

CREATE TABLE IF NOT EXISTS `info_at_results` (
  `id` int(11) NOT NULL,
  `name` text CHARACTER SET utf8 NOT NULL
) ENGINE=MyISAM AUTO_INCREMENT=4 DEFAULT CHARSET=latin1;

--
-- Dumping data for table `info_at_results`
--

INSERT INTO `info_at_results` (`id`, `name`) VALUES
(1, 'สั่งตรวจ แต่ไม่ส่งสำนวนอ้างว่าไม่ต้องส่ง'),
(2, 'สั่งตรวจ แต่ไม่ส่งสำนวนอ้างว่าไม่มีผู้คัดค้าน'),
(3, 'ไม่ได้รายงานคดี แต่ส่งสำนวนมาตรวจ');

-- --------------------------------------------------------

--
-- Table structure for table `info_auto_received_nums`
--

CREATE TABLE IF NOT EXISTS `info_auto_received_nums` (
  `id` int(11) NOT NULL,
  `type_id` int(11) NOT NULL,
  `year_val` int(11) NOT NULL,
  `number_val` int(11) NOT NULL
) ENGINE=InnoDB AUTO_INCREMENT=7 DEFAULT CHARSET=latin1;

--
-- Dumping data for table `info_auto_received_nums`
--

INSERT INTO `info_auto_received_nums` (`id`, `type_id`, `year_val`, `number_val`) VALUES
(4, 3, 2015, 1),
(5, 4, 2015, 4),
(6, 5, 2015, 1);

-- --------------------------------------------------------

--
-- Table structure for table `info_cases`
--

CREATE TABLE IF NOT EXISTS `info_cases` (
  `id` int(11) NOT NULL,
  `user_id` int(11) NOT NULL COMMENT 'ศาล',
  `type_id` int(11) NOT NULL COMMENT 'ประเภทคดี',
  `date_sent` date DEFAULT NULL COMMENT 'วันที่ส่ง',
  `number_sent` text CHARACTER SET utf8 NOT NULL COMMENT 'เลขที่ส่ง',
  `date_received` date DEFAULT NULL COMMENT 'วันที่ภาครับ',
  `number_received` text CHARACTER SET utf8 NOT NULL COMMENT 'เลขที่รับ',
  `date_received2` date DEFAULT NULL,
  `number_received2` text CHARACTER SET utf8 NOT NULL,
  `date_received3` date DEFAULT NULL,
  `number_received3` text CHARACTER SET utf8 NOT NULL,
  `date_sent2` date DEFAULT NULL,
  `number_sent2` text CHARACTER SET utf8 NOT NULL,
  `command_id` int(11) NOT NULL COMMENT 'คำสั่ง อธ.',
  `number_black` text CHARACTER SET utf8 NOT NULL COMMENT 'เลขดำ',
  `number_red` text CHARACTER SET utf8 NOT NULL COMMENT 'เลขแดง',
  `title` text CHARACTER SET utf8 NOT NULL COMMENT 'เรื่อง',
  `result` int(11) NOT NULL,
  `plaintiff` text CHARACTER SET utf8 NOT NULL COMMENT 'โจทก์',
  `defendant` text CHARACTER SET utf8 NOT NULL COMMENT 'จำเลย',
  `judge_id` int(11) NOT NULL,
  `judge2_id` int(11) NOT NULL,
  `judge3_id` int(11) NOT NULL,
  `date_ap` date DEFAULT NULL,
  `date_sent3` date DEFAULT NULL,
  `number_sent3` text CHARACTER SET utf8 NOT NULL,
  `date_case` date DEFAULT NULL,
  `topic_id` int(11) NOT NULL,
  `imprison_id` int(11) NOT NULL,
  `file1` text CHARACTER SET utf8 NOT NULL,
  `file2` text CHARACTER SET utf8 NOT NULL,
  `date_finish` date DEFAULT NULL,
  `date_read` date DEFAULT NULL,
  `accept_id` int(11) NOT NULL,
  `date_sent4` date DEFAULT NULL,
  `number_sent4` text CHARACTER SET utf8 NOT NULL,
  `date_received4` date DEFAULT NULL,
  `number_received4` text CHARACTER SET utf8 NOT NULL,
  `date_sent5` date DEFAULT NULL,
  `number_sent5` text CHARACTER SET utf8 NOT NULL,
  `date_modified` datetime DEFAULT NULL,
  `date_upload` date DEFAULT NULL,
  `note1` text CHARACTER SET utf8 NOT NULL,
  `note2` text CHARACTER SET utf8 NOT NULL,
  `note3` text CHARACTER SET utf8 NOT NULL,
  `judge4_id` int(11) NOT NULL DEFAULT '0',
  `topic_ids` varchar(255) DEFAULT '',
  `form1_note` text CHARACTER SET utf8,
  `form2_note` text CHARACTER SET utf8,
  `form3_note` text CHARACTER SET utf8,
  `form4_note` text CHARACTER SET utf8,
  `form5_note` text CHARACTER SET utf8,
  `judge_checkout1_id` int(11) DEFAULT '0',
  `judge_checkout2_id` int(11) DEFAULT '0',
  `date_at_received1` date DEFAULT NULL,
  `date_at_received2` date DEFAULT NULL,
  `auto_received_num` varchar(20) CHARACTER SET utf8 NOT NULL DEFAULT '',
  `no_case_sent` int(11) NOT NULL DEFAULT '0',
  `at_correct` int(11) DEFAULT '1',
  `at_result_id` int(11) DEFAULT '0',
  `capital` decimal(10,2) DEFAULT '0.00'
) ENGINE=MyISAM AUTO_INCREMENT=6286 DEFAULT CHARSET=latin1;

--
-- Dumping data for table `info_cases`
--

INSERT INTO `info_cases` (`id`, `user_id`, `type_id`, `date_sent`, `number_sent`, `date_received`, `number_received`, `date_received2`, `number_received2`, `date_received3`, `number_received3`, `date_sent2`, `number_sent2`, `command_id`, `number_black`, `number_red`, `title`, `result`, `plaintiff`, `defendant`, `judge_id`, `judge2_id`, `judge3_id`, `date_ap`, `date_sent3`, `number_sent3`, `date_case`, `topic_id`, `imprison_id`, `file1`, `file2`, `date_finish`, `date_read`, `accept_id`, `date_sent4`, `number_sent4`, `date_received4`, `number_received4`, `date_sent5`, `number_sent5`, `date_modified`, `date_upload`, `note1`, `note2`, `note3`, `judge4_id`, `topic_ids`, `form1_note`, `form2_note`, `form3_note`, `form4_note`, `form5_note`, `judge_checkout1_id`, `judge_checkout2_id`, `date_at_received1`, `date_at_received2`, `auto_received_num`, `no_case_sent`, `at_correct`, `at_result_id`, `capital`) VALUES
(6283, 3, 4, '2015-11-10', '1', '2015-11-11', '11', NULL, '', '2015-11-23', '22', '2015-11-20', '2', 2, 'อ.1/2558', '111/2558', 'ฆ่าคนตาย', 9, 'นายกกกกก', 'นางขขขข', 578, 286, 549, '2015-12-31', '2016-01-08', '33', '2015-10-01', 0, 1, '', '', NULL, '2015-12-30', 1, '2015-11-12', '111', '2016-01-20', '1111', '2015-12-18', '44', NULL, NULL, '-', '-', '-', 304, '[498]', '-', '-', '-', '-', '-', NULL, 286, '2015-11-24', '2015-11-25', 'อ.3/2558', 0, 1, 0, '0.00'),
(6284, 3, 4, '2015-09-03', '6349', '2015-09-08', '20173', NULL, '', '2015-11-10', '7095/58', '2015-11-10', '29810', 2, 'อ.2119/2558', '555', 'ความผิดเกี่ยวกับเพศ', 6, 'อัยการ', 'นางสาวชุติมา  วงค์เดือน', 329, 304, 321, '2015-11-26', '2015-12-10', '55', '2015-06-09', 0, 1, '', '', NULL, '2015-11-27', 1, '2015-09-03', '6349', NULL, '', '2015-11-17', '9999/2558', NULL, NULL, '', '', '-', 286, '[495]', NULL, NULL, NULL, NULL, NULL, NULL, 286, '2015-11-11', '2015-11-11', 'อ.4/2558', 0, 1, 0, '0.00'),
(6285, 3, 2, '2015-11-17', '22', '2015-11-05', '11', NULL, '', NULL, '', NULL, '', 12, 'พ.1/2558', '', 'ผิดสัญญากู้ยืม', 1, 'นายโจทก์', 'นางจำเลย', 0, 0, 0, NULL, NULL, '', '2015-11-04', 0, 0, '', '', NULL, NULL, 0, '2015-11-09', '22', NULL, '', NULL, '', NULL, NULL, '', '', '', 0, '[438]', NULL, NULL, NULL, NULL, NULL, 0, 0, NULL, NULL, '', 0, 1, 0, '500000.00');

-- --------------------------------------------------------

--
-- Table structure for table `info_groups`
--

CREATE TABLE IF NOT EXISTS `info_groups` (
  `id` int(11) NOT NULL,
  `name` text CHARACTER SET utf8 NOT NULL
) ENGINE=MyISAM AUTO_INCREMENT=6 DEFAULT CHARSET=latin1;

--
-- Dumping data for table `info_groups`
--

INSERT INTO `info_groups` (`id`, `name`) VALUES
(1, 'ความแพ่ง'),
(2, 'ความอาญา'),
(3, 'อื่นๆ'),
(4, 'คดีสาขา'),
(5, 'คดีนักท่องเที่ยว');

-- --------------------------------------------------------

--
-- Table structure for table `info_imprisons`
--

CREATE TABLE IF NOT EXISTS `info_imprisons` (
  `id` int(11) NOT NULL,
  `name` text CHARACTER SET utf8 NOT NULL
) ENGINE=MyISAM AUTO_INCREMENT=4 DEFAULT CHARSET=latin1;

--
-- Dumping data for table `info_imprisons`
--

INSERT INTO `info_imprisons` (`id`, `name`) VALUES
(0, ''),
(1, 'ขัง'),
(2, 'ไม่ขัง');

-- --------------------------------------------------------

--
-- Table structure for table `info_result`
--

CREATE TABLE IF NOT EXISTS `info_result` (
  `id` int(11) NOT NULL,
  `name` text CHARACTER SET utf8 NOT NULL
) ENGINE=MyISAM AUTO_INCREMENT=11 DEFAULT CHARSET=latin1;

--
-- Dumping data for table `info_result`
--

INSERT INTO `info_result` (`id`, `name`) VALUES
(1, 'รับรายงานคดีจากศาลแล้ว'),
(2, 'เสนอรายงานคดี เพื่อให้อธิบดี ฯ พิจารณา'),
(3, 'อยู่ระหว่างจัดทำหนังสือรายงานคดีแจ้งศาล'),
(4, 'จัดส่งหนังสือแจ้งรายงานคดีแก่ศาลแล้ว'),
(5, 'รับสำนวนจากศาล'),
(6, 'อยู่ระหว่างการตรวจสำนวน'),
(7, 'ตรวจสำนวนเสร็จแล้ว'),
(8, 'ส่งสำนวนและร่างคืนศาล'),
(9, 'ได้รับสำเนาคำพิพากษาจากศาลแล้ว'),
(0, '');

-- --------------------------------------------------------

--
-- Table structure for table `info_settings`
--

CREATE TABLE IF NOT EXISTS `info_settings` (
  `id` int(11) NOT NULL,
  `parent_id` int(11) NOT NULL DEFAULT '0',
  `name` varchar(50) CHARACTER SET utf8 NOT NULL,
  `value` text CHARACTER SET utf8 NOT NULL,
  `label` text CHARACTER SET utf8 NOT NULL
) ENGINE=InnoDB AUTO_INCREMENT=3 DEFAULT CHARSET=latin1;

--
-- Dumping data for table `info_settings`
--

INSERT INTO `info_settings` (`id`, `parent_id`, `name`, `value`, `label`) VALUES
(1, 0, 'int_sent_before', '15', 'กำหนดวันที่่ต้องส่งสำนวนก่อนวันอ่านคำพิพากษา'),
(2, 0, 'bool_enabled', '0', 'เปิด / ปิดการใช้งานบางส่วน');

-- --------------------------------------------------------

--
-- Table structure for table `info_topics`
--

CREATE TABLE IF NOT EXISTS `info_topics` (
  `id` int(11) NOT NULL,
  `name` text CHARACTER SET utf8 NOT NULL,
  `code` text CHARACTER SET utf8 NOT NULL,
  `type_id` int(11) NOT NULL
) ENGINE=MyISAM AUTO_INCREMENT=521 DEFAULT CHARSET=latin1;

--
-- Dumping data for table `info_topics`
--

INSERT INTO `info_topics` (`id`, `name`, `code`, `type_id`) VALUES
(519, 'ลหุโทษ', '', 4),
(518, 'ความผิดฐานบุกรุก', '', 4),
(517, 'ความผิดฐานทำให้เสียทรัพย์', '', 4),
(516, 'ความผิดฐานรับของโจร', '', 4),
(515, 'ความผิดฐานยักยอก', '', 4),
(514, 'ความผิดฐานโกงเจ้าหนี้', '', 4),
(513, 'ความผิดฐานฉ้อโกง', '', 4),
(512, 'ความผิดฐานปล้นทรัพย์', '', 4),
(511, 'ความผิดฐานชิงทรัพย์', '', 4),
(510, 'ความผิดฐานรีดเอาทรัพย์', '', 4),
(509, 'ความผิดฐานกรรโชก', '', 4),
(508, 'ความผิดฐานวิ่งราวทรัพย์', '', 4),
(507, 'ความผิดฐานลักทรัพย์', '', 4),
(506, 'ความผิดฐานหมิ่นประมาท', '', 4),
(505, 'ความผิดฐานเปิดเผยความลับ', '', 4),
(504, 'ความผิดต่อเสรีภาพ', '', 4),
(503, 'ความผิดฐานทอดทิ้งเด็ก คนเจ็บป่วย คนชรา', '', 4),
(501, 'ความผิดต่อชีวิต พยายาม', '', 4),
(502, 'ความผิดต่อร่างกาย ประมาท', '', 4),
(500, 'ความผิดต่อร่างกาย', '', 4),
(499, 'ความผิดต่อชีวิต ประมาท', '', 4),
(498, 'ความผิดต่อชีวิต', '', 4),
(497, 'ความผิดเกี่ยวกับการค้าวัตถุหรือสิ่งของลามก', '', 4),
(496, 'ความผิดเกี่ยวกับการดำรงชีพจากรายได้ของหญิงซึ่งค้าประเวณี', '', 4),
(495, 'ความผิดเกี่ยวกับการอนาจาร', '', 4),
(494, 'ความผิดเกี่ยวกับการข่มขืนกระทำชำเรา', '', 4),
(493, 'ความผิดเกี่ยวกับการค้า', '', 4),
(492, 'ความผิดเกี่ยวกับเอกสาร', '', 4),
(491, 'ความผิดเกี่ยวกับดวงตา แสตมป์ และตั๋ว', '', 4),
(490, 'ความผิดเกี่ยวกับเงินตรา', '', 4),
(489, 'ความผิดเกี่ยวกับการก่อให้เกิดภยันตรายนอกเหนือจากการก่อให้เกิดเพลิงไหม้และระเบิด', '', 4),
(488, 'ความผิดเกี่ยวกับการก่อให้เกิดเพลิงไหม้โดยประมาท', '', 4),
(487, 'ความผิดเกี่ยวกับการก่อให้เกิดเพลิงไหม้หรือก่อให้เกิดระเบิด', '', 4),
(486, 'ความผิดเกี่ยวกับการก่อให้เกิดระเบิด', '', 4),
(485, 'ความผิดเกี่ยวกับการก่อให้เกิดเพลิงไหม้', '', 4),
(484, 'ความผิดเกี่ยวกับการก่อให้เกิดความรุนแรงในบ้านเมือง', '', 4),
(483, 'ความผิดฐานอั้งยี่ ซ่องโจร', '', 4),
(482, 'ความผิดฐานเป็นซ่องโจร', '', 4),
(481, 'ความผิดฐานเป็นอั้งยี่', '', 4),
(480, 'ความผิดเกี่ยวกับศาสนา', '', 4),
(479, 'ความผิดต่อตำแหน่งหน้าที่ในการยุติธรรม', '', 4),
(478, 'ความผิดต่อเจ้าพนักงานในการยุติธรรม', '', 4),
(476, 'ความผิดต่อเจ้าพนักงาน', '', 4),
(477, 'ความผิดต่อตำแหน่งหน้าที่ราชการ', '', 4),
(475, 'ความผิดต่อสัมพันธไมตรีกับต่างประเทศ', '', 4),
(474, 'ความผิดต่อความมั่นคงของรัฐ', '', 4),
(473, 'ความผิดต่อพระมหากษัตริย์ พระราชินี ต่อรัชทายาท', '', 4),
(472, 'นิติบุคคลบ้านจัดสรร', '', 1),
(471, 'นิติบุคคลอาคารชุด', '', 1),
(470, 'บริการด้านการศึกษา', '', 1),
(469, 'บริการหลักทรัพย์และกองทุน', '', 1),
(468, 'บริการธุรกรรมทางธนาคาร', '', 1),
(467, 'สื่อสารมวลชน', '', 1),
(466, 'บริการท่องเที่ยว', '', 1),
(465, 'บริการสาธารณสุขและความงาม', '', 1),
(464, 'บริการสาธารณูปโภค', '', 1),
(463, 'สินค้าไม่ปลอดภัย', '', 1),
(462, 'ประกันวินาศภัย', '', 1),
(461, 'ประกันชีวิต', '', 1),
(458, 'ค้ำประกัน', '', 1),
(459, 'บัตรเครดิต', '', 1),
(460, 'กองทุนให้กู้ยืมเพื่อการศึกษา', '', 1),
(456, 'รับขน', '', 1),
(457, 'กู้ยืม', '', 1),
(454, 'เช่าซื้อ', '', 1),
(455, 'จ้างทำของ', '', 1),
(452, 'ซื้อขาย', '', 1),
(453, 'เช่าทรัพย์', '', 1),
(451, 'ขอให้เพิกถอนการขายทอดตลาด', '', 2),
(450, 'ขอคืนของกลาง', '', 2),
(449, 'ขอคุ้มครองชั่วคราว', '', 2),
(448, 'ขอดำเนินการอย่างคดีอนาถา', '', 2),
(447, 'บังคับคดี', '', 2),
(446, 'ทุเลาการบังคับคดี', '', 2),
(444, 'ขอกันส่วน', '', 2),
(445, 'ขอใช้สิทธิจำนอง', '', 2),
(442, 'สิทธิไล่เบี้ย', '', 2),
(443, 'ขอเฉลี่ยทรัพย์', '', 2),
(441, 'สิทธิครอบครอง', '', 2),
(439, 'ผิดสัญญาเล่นแชร์', '', 2),
(440, 'เพิกถอนการจดทะเบียนที่ดินรับโอนรับมรดก', '', 2),
(438, 'ผิดสัญญาประกัน', '', 2),
(437, 'สัญญาต่างตอบแทน', '', 2),
(436, 'แปลงหนี้ใหม่', '', 2),
(434, 'สิทธิยึดหน่วง', '', 2),
(435, 'หักลบกลบหนี้', '', 2),
(433, 'เพิกถอนการฉ้อฉล', '', 2),
(431, 'รับช่วงสิทธิ', '', 2),
(432, 'การใช้สิทธิเรียกร้องของลูกหนี้', '', 2),
(429, 'หนี้', '', 2),
(430, 'รับสภาพหนี้', '', 2),
(427, 'นิติกรรมอำพราง', '', 2),
(428, 'เพิกถอนนิติกรรม', '', 2),
(426, 'สาบสูญ', '', 2),
(425, 'ขอแสดงกรรมสิทธิ์ที่ดิน', '', 2),
(423, 'พินัยกรรม', '', 2),
(424, 'ขอจัดการมรดก', '', 2),
(421, 'สิทธิเก็บกิน', '', 2),
(422, 'ขอให้ถอนผู้จัดการมรดก', '', 2),
(420, 'สิทธิเหนือพื้นดิน', '', 2),
(418, 'ภาระจำยอม', '', 2),
(419, 'สิทธิอาศัย', '', 2),
(416, 'ขอให้ส่งมอบโฉนดที่ดิน', '', 2),
(417, 'ครอบครอง', '', 2),
(414, 'กรรมสิทธิ์รวม', '', 2),
(415, 'ขอให้ลงชื่อและเป็นเจ้าของร่วมในโฉนด', '', 2),
(413, 'ทางจำเป็น', '', 2),
(412, 'ทางสาธารณะ', '', 2),
(410, 'ที่ดิน', '', 2),
(411, 'ขับไล่', '', 2),
(409, 'สัญญา', '', 2),
(406, 'หุ้นส่วน', '', 2),
(407, 'บริษัท', '', 2),
(408, 'สมาคม', '', 2),
(405, 'ตั๋วเงิน', '', 2),
(404, 'ประกันชีวิต', '', 2),
(402, 'ประกันวินาศภัย', '', 2),
(403, 'ประกันภัยค้ำจุน', '', 2),
(400, 'การพนันขันต่อ', '', 2),
(401, 'บัญชีเดินสะพัด', '', 2),
(398, 'นายหน้า', '', 2),
(399, 'ประนีประนอมยอมความ', '', 2),
(397, 'ตัวแทน', '', 2),
(393, 'ค้ำประกัน', '', 2),
(394, 'จำนอง', '', 2),
(395, 'จำนำ', '', 2),
(396, 'เก็บของในคลังสินค้า', '', 2),
(391, 'ยืม', '', 2),
(392, 'ฝากทรัพย์', '', 2),
(390, 'รับขน', '', 2),
(389, 'จ้างทำของ', '', 2),
(385, 'ให้', '', 2),
(386, 'เช่าทรัพย์', '', 2),
(387, 'เช่าซื้อ', '', 2),
(388, 'จ้างแรงงาน', '', 2),
(384, 'แลกเปลี่ยน', '', 2),
(383, 'ขายฝาก', '', 2),
(382, 'ซื้อขาย', '', 2),
(381, 'ละเมิด', '', 2),
(380, 'ลาภมิควรได้', '', 2),
(379, 'จัดการงานนอกสั่ง', '', 2),
(520, 'ความผิดต่อพระราชบัญญัติยาเสพติดให้โทษ', '', 7);

-- --------------------------------------------------------

--
-- Table structure for table `info_types`
--

CREATE TABLE IF NOT EXISTS `info_types` (
  `id` int(11) NOT NULL,
  `name` text CHARACTER SET utf8 NOT NULL,
  `group_id` int(11) NOT NULL,
  `code` varchar(5) CHARACTER SET utf8 NOT NULL COMMENT 'อักษรย่อ'
) ENGINE=MyISAM AUTO_INCREMENT=8 DEFAULT CHARSET=latin1;

--
-- Dumping data for table `info_types`
--

INSERT INTO `info_types` (`id`, `name`, `group_id`, `code`) VALUES
(1, 'ผู้บริโภค', 1, 'ผบ.'),
(2, 'แพ่งสามัญ', 1, 'พ.'),
(3, 'สิ่งแวดล้อม', 1, 'สว.'),
(4, 'อาญา', 2, 'อ.'),
(7, 'ยาเสพติด', 2, 'อย.');

-- --------------------------------------------------------

--
-- Table structure for table `info_uploads`
--

CREATE TABLE IF NOT EXISTS `info_uploads` (
  `id` int(11) NOT NULL,
  `filesize` int(11) NOT NULL,
  `case_id` int(11) NOT NULL,
  `date_upload` datetime NOT NULL,
  `filename` text CHARACTER SET utf8 NOT NULL
) ENGINE=MyISAM DEFAULT CHARSET=latin1;

-- --------------------------------------------------------

--
-- Table structure for table `info_usergroups`
--

CREATE TABLE IF NOT EXISTS `info_usergroups` (
  `id` int(11) NOT NULL,
  `name` text CHARACTER SET utf8 NOT NULL
) ENGINE=InnoDB AUTO_INCREMENT=4 DEFAULT CHARSET=latin1;

--
-- Dumping data for table `info_usergroups`
--

INSERT INTO `info_usergroups` (`id`, `name`) VALUES
(1, 'กลุ่มศาลจังหวัด'),
(2, 'กลุ่มศาลแขวง'),
(3, 'กลุ่มศาลเยาวชนและครอบครัว');

-- --------------------------------------------------------

--
-- Table structure for table `info_users`
--

CREATE TABLE IF NOT EXISTS `info_users` (
  `id` int(11) NOT NULL COMMENT 'Row id',
  `account` varchar(255) NOT NULL COMMENT 'Name for login',
  `password` varchar(25) NOT NULL COMMENT 'Password for login',
  `usergroup_id` int(11) NOT NULL DEFAULT '0',
  `name` text NOT NULL,
  `admin` int(11) DEFAULT '0' COMMENT 'Is this the amdinistrator',
  `position` text NOT NULL,
  `parent_id` int(11) NOT NULL DEFAULT '0',
  `active` int(11) DEFAULT '1' COMMENT 'Is this account active',
  `check_out` int(11) NOT NULL DEFAULT '0'
) ENGINE=MyISAM AUTO_INCREMENT=603 DEFAULT CHARSET=utf8;

--
-- Dumping data for table `info_users`
--

INSERT INTO `info_users` (`id`, `account`, `password`, `usergroup_id`, `name`, `admin`, `position`, `parent_id`, `active`, `check_out`) VALUES
(1, 'admin', '1234567', 0, 'ศาลในเขตอำนาจอธิบดีผู้พิพากษาภาค 5', 1, '', 0, 1, 0),
(3, 'cmic', 'cmic', 1, 'ศาลจังหวัดเชียงใหม่', 0, '', 0, 1, 0),
(4, 'cmimc', 'cmimc', 2, 'ศาลแขวงเชียงใหม่', 0, '', 0, 1, 0),
(5, 'cmijc', 'cmijc', 3, 'ศาลเยาวชนและครอบครัวจังหวัดเชียงใหม่', 0, '', 0, 1, 0),
(6, 'cric', 'cric', 1, 'ศาลจังหวัดเชียงราย', 0, '', 0, 1, 0),
(7, 'nanc', 'nanc', 1, 'ศาลจังหวัดน่าน', 0, '', 0, 1, 0),
(8, 'fngc', 'fngc', 1, 'ศาลจังหวัดฝาง', 0, '', 0, 1, 0),
(9, 'pyoc', 'pyoc', 1, 'ศาลจังหวัดพะเยา', 0, '', 0, 1, 0),
(10, 'prec', 'prec', 1, 'ศาลจังหวัดแพร่', 0, '', 0, 1, 0),
(11, 'lpgc', 'lpgc', 1, 'ศาลจังหวัดลำปาง', 0, '', 0, 1, 0),
(12, 'lpgk', 'lpgk', 2, 'ศาลแขวงลำปาง', 0, '', 0, 1, 0),
(13, 'lpgjc', 'lpgjc', 3, 'ศาลเยาวชนและครอบครัวจังหวัดลำปาง', 0, '', 0, 1, 0),
(14, 'lpnc', 'lpnc', 1, 'ศาลจังหวัดลำพูน', 0, '', 0, 1, 0),
(15, 'msrc', 'msrc', 1, 'ศาลจังหวัดแม่สะเรียง', 0, '', 0, 1, 0),
(16, 'mhsc', 'mhsc', 1, 'ศาลจังหวัดแม่ฮ่องสอน', 0, '', 0, 1, 0),
(17, 'lpnjc', 'lpnjc', 3, 'ศาลเยาวชนและครอบครัวจังหวัดลำพูน', 0, '', 0, 1, 0),
(18, 'tngc', 'tngc', 1, 'ศาลจังหวัดเทิง', 0, '', 0, 1, 0),
(19, 'crijc', 'crijc', 3, 'ศาลเยาวชนและครอบครัวจังหวัดเชียงราย', 0, '', 0, 1, 0),
(20, 'prejc', 'prejc', 3, 'ศาลเยาวชนและครอบครัวจังหวัดแพร่', 0, '', 0, 1, 0),
(21, 'nanjc', 'nanjc', 3, 'ศาลเยาวชนและครอบครัวจังหวัดน่าน', 0, '', 0, 1, 0),
(22, 'mhsjc', 'mhsjc', 3, 'ศาลเยาวชนและครอบครัวจังหวัดแม่ฮ่องสอน', 0, '', 0, 1, 0),
(23, 'pyojc', 'pyojc', 3, 'ศาลเยาวชนและครอบครัวจังหวัดพะเยา', 0, '', 0, 1, 0),
(24, 'nanc1', 'nanc1', 1, 'ศาลจังหวัดน่าน(สาขาปัว)', 0, '', 0, 1, 0),
(25, 'mhsc1', 'mhsc1', 1, 'ศาลจังหวัดแม่ฮ่องสอน(สาขาปาย)', 0, '', 0, 1, 0),
(415, '', '', 0, 'นายกิตติพงษ์ ฐาปนพันธ์นิติกุล', 2, 'ผู้พิพากษาหัวหน้าศาลเยาวชนและครอบครัวจังหวัดแม่ฮ่องสอน', 22, 1, 0),
(414, '', '', 0, 'นายอภิพงศ์ ศานติเกษม', 2, 'ผู้พิพากษาศาลเยาวชนและครอบครัวจังหวัดเชียงใหม่', 5, 1, 0),
(413, '', '', 0, 'นางสาวนิชญา ปราณีจิตต์', 2, 'ผู้พิพากษาศาลเยาวชนและครอบครัวจังหวัดเชียงใหม่', 5, 1, 0),
(412, '', '', 0, 'นายวีรยุทธ แสงดี', 2, 'ผู้พิพากษาหัวหน้าคณะชั้นต้นในศาลเยาวชนและครอบครัวจังหวัดเชียงใหม่', 5, 1, 0),
(411, '', '', 0, 'นายอาทิตย์ เกียรติศิริโรจน์', 2, 'ผู้พิพากษาหัวหน้าคณะชั้นต้นในศาลเยาวชนและครอบครัวจังหวัดเชียงใหม่', 5, 1, 0),
(410, '', '', 0, 'นายสรศักดิ์ ศรีพิชญาการ', 2, 'ผู้พิพากษาอาวุโสศาลเยาวชนและครอบครัวจังหวัดเชียงใหม่', 5, 1, 0),
(409, '', '', 0, 'นายชาญชัย กุประดิษฐ์', 2, 'ผู้พิพากษาหัวหน้าศาลเยาวชนและครอบครัวจังหวัดเชียงใหม่', 5, 1, 0),
(407, '', '', 0, 'นายนพคุณ ไชยเทพ', 3, 'ผู้พิพากษาหัวหน้าศาลประจำสำนักงานอธิบดีผู้พิพากษาภาค 5', 1, 1, 0),
(408, '', '', 0, 'นางนฤมล สันติสวัสดิ์', 3, 'ผู้พิพากษาหัวหน้าศาลประจำสำนักงานอธิบดีผู้พิพากษาภาค 5', 1, 1, 0),
(406, '', '', 0, 'นายรุ่งโรจน์ จันละ', 3, 'ผู้พิพากษาหัวหน้าศาลประจำสำนักงานอธิบดีผู้พิพากษาภาค 5', 1, 1, 0),
(405, '', '', 0, 'นายธีระนันท์ คุณารัตน์', 3, 'ผู้พิพากษาหัวหน้าศาลประจำสำนักงานอธิบดีผู้พิพากษาภาค 5', 1, 1, 0),
(404, '', '', 0, 'นางสาวทัศนีย์ อังสนานนท์', 3, 'ผู้พิพากษาหัวหน้าศาลประจำสำนักงานอธิบดีผู้พิพากษาภาค 5', 1, 1, 0),
(403, '', '', 0, 'นายชาคริต จุลมนต์', 3, 'ผู้พิพากษาหัวหน้าศาลประจำสำนักงานอธิบดีผู้พิพากษาภาค 5', 1, 1, 0),
(402, '', '', 0, 'นายสนิท โพชนะกิจ', 3, 'รองอธิบดีผู้พิพากษาภาค 5', 1, 1, 0),
(401, '', '', 0, 'นายสมศักดิ์ เชื่อมไพบูลย์', 3, 'รองอธิบดีผู้พิพากษาภาค 5', 1, 1, 0),
(396, '', '', 0, 'นายสมนึก พานิช', 3, 'อธิบดีผู้พิพากษาภาค 5', 1, 1, 0),
(397, '', '', 0, 'นายยงยุทธ สุเรนทร์รังสิกุล', 3, 'ผู้พิพากษาอาวุโส', 1, 1, 0),
(398, '', '', 0, 'นายประเสริฐ อยู่เจริญดี', 3, 'รองอธิบดีผู้พิพากษาภาค 5', 1, 1, 0),
(399, '', '', 0, 'นางพยางคศิริ วิทยาผาสุข', 3, 'รองอธิบดีผู้พิพากษาภาค 5', 1, 1, 0),
(400, '', '', 0, 'นายวิวรรธน์ ธีระอรรถเศรษฐ์', 3, 'รองอธิบดีผู้พิพากษาภาค 5', 1, 1, 0),
(448, '', '', 0, 'นายสุรพร ชลสาคร', 2, 'ผู้พิพากษาหัวหน้าศาลแขวงเชียงใหม่', 4, 1, 0),
(447, '', '', 0, 'นายสุจินต์ หลีสกุล', 2, 'ผู้พิพากษาหัวหน้าคณะชั้นต้นในศาลจังหวัดลำปาง', 11, 1, 0),
(446, '', '', 0, 'นายเกรียงไกร วัชรพันธุ์', 2, 'ผู้พิพากษาหัวหน้าคณะชั้นต้นในศาลจังหวัดลำปาง', 11, 1, 0),
(445, '', '', 0, 'นายพิทักฐ์ รัตนเดชากร', 2, 'ผู้พิพากษาหัวหน้าคณะชั้นต้นในศาลจังหวัดลำปาง', 11, 1, 0),
(444, '', '', 0, 'นายนิชฌาน หัสรังค์', 2, 'ผู้พิพากษาประจำสำนักงานศาลยุติธรรม ช่วยทำงานชั่วคราวในตำแหน่งผู้พิพากษาศาลจังหวัดลำพูน', 14, 1, 0),
(443, '', '', 0, 'นายรุ่งโรจน์ ไวปัญญา', 2, 'ผู้พิพากษาหัวหน้าคณะชั้นต้นในศาลจังหวัดลำปาง', 11, 1, 0),
(442, '', '', 0, 'นางสาววิรียาพร งามนิล', 2, 'ผู้พิพากษาศาลจังหวัดลำพูน', 14, 1, 0),
(441, '', '', 0, 'นายปกครอง เปรมดิษฐกุล', 2, 'ผู้พิพากษาหัวหน้าคณะชั้นต้นในศาลจังหวัดลำปาง', 11, 1, 0),
(440, '', '', 0, 'นายสุกิจ ศรีสุวรรณ', 2, 'ผู้พิพากษาหัวหน้าคณะชั้นต้นในศาลจังหวัดลำปาง', 11, 1, 0),
(439, '', '', 0, 'นายชยทัศ ชินสรนันท์', 2, 'ผู้พิพากษาศาลจังหวัดลำพูน', 14, 1, 0),
(438, '', '', 0, 'นายสุพิชัย กาญจนาธิวัฒน์', 2, 'ผู้พิพากษาอาวุโสในศาลจังหวัดลำปาง', 11, 1, 0),
(437, '', '', 0, 'นายวรเกียรติ นวลสุวรรณ', 2, 'ผู้พิพากษาศาลจังหวัดลำพูน', 14, 1, 0),
(436, '', '', 0, 'นางสุดสงวน ตรีขจรเกียรติ', 2, 'ผู้พิพากษาศาลจังหวัดลำพูน', 14, 1, 0),
(435, '', '', 0, 'นายมานิตย์ ธนะกิจรุ่งเรือง', 2, 'ผู้พิพากษาศาลจังหวัดลำพูน', 14, 1, 0),
(434, '', '', 0, 'นางสาววิชาภรณ์ สกุณา', 2, 'ผู้พิพากษาศาลเยาวชนและครอบครัวจังหวัดลำปาง', 13, 1, 0),
(433, '', '', 0, 'นายกิตติ ตรีขจรเกียรติ', 2, 'ผู้พิพากษาศาลจังหวัดลำพูน', 14, 1, 0),
(432, '', '', 0, 'นายวิทวัส ทีปประพันธ์ณี', 2, 'ผู้พิพากษาหัวหน้าคณะชั้นต้นในศาลจังหวัดลำพูน', 14, 1, 0),
(431, '', '', 0, 'นายกรด จันทร์ประเสริฐ', 2, 'ผู้พิพากษาศาลเยาวชนและครอบครัวจังหวัดลำปาง', 13, 1, 0),
(430, '', '', 0, 'นายสมนึก สืบวิเศษ', 2, 'ผู้พิพากษาหัวหน้าคณะชั้นต้นในศาลจังหวัดลำพูน', 14, 1, 0),
(429, '', '', 0, 'นายประสาทพร เสริมศรี', 2, 'ผู้พิพากษาหัวหน้าคณะชั้นต้นในศาลจังหวัดลำพูน', 14, 1, 0),
(428, '', '', 0, 'นายสุจิต ปัญญาพฤกษ์', 2, 'ผู้พิพากษาหัวหน้าคณะในศาลเยาวชนและครอบครัวจังหวัดลำปาง', 13, 1, 0),
(427, '', '', 0, 'นายชมเชษฐ์ จรัสกร', 2, 'ผู้พิพากษาหัวหน้าคณะชั้นต้นในศาลจังหวัดลำพูน', 14, 1, 0),
(426, '', '', 0, 'นางยุพาวรรณ ภูริสินสิทธิ์', 2, 'ผู้พิพากษาหัวหน้าคณะชั้นต้นในศาลจังหวัดลำพูน', 14, 1, 0),
(425, '', '', 0, 'นายเฉลิมศักดิ์ บุญยงค์', 2, 'ผู้พิพากษาอาวุโสศาลเยาวชนและครอบครัวจังหวัดลำปาง', 13, 1, 0),
(424, '', '', 0, 'นายชาญคณิต ตันพิริยะกุล', 2, 'ผู้พิพากษาหัวหน้าคณะชั้นต้นในศาลจังหวัดลำพูน', 14, 1, 0),
(423, '', '', 0, 'นายสุเทพ บุญตามสนธิ', 2, 'ผู้พิพากษาหัวหน้าศาลจังหวัดลำพูน', 14, 1, 0),
(422, '', '', 0, 'นายภูรีทัศน์ สุขสมถิ่น', 2, 'ผู้พิพากษาหัวหน้าศาลเยาวชนและครอบครัวจังหวัดลำปาง', 13, 1, 0),
(421, '', '', 0, 'นางสาวศิริพร  กาญจนสูตร', 2, 'ผู้พิพากษาหัวหน้าศาลจังหวัดลำปาง', 11, 1, 0),
(420, '', '', 0, 'นายจิตรภาณุ  คณิตวรรณ', 2, 'ผู้พิพากษาศาลเยาวชนและครอบครัวจังหวัดพะเยา', 23, 1, 0),
(419, '', '', 0, 'นายวัชระ  จิรัฐิติเจริญ', 2, 'ผู้พิพากษาหัวหน้าคณะชั้นต้นในศาลเยาวชนและครอบครัวจังหวัดพะเยา', 23, 1, 0),
(416, '', '', 0, 'นายพิพัฒน์ เจริญวัฒนา', 2, 'ผู้พิพากษาหัวหน้าคณะชั้นต้นในศาลเยาวชนและครอบครัวจังหวัดแม่ฮ่องสอน', 22, 1, 0),
(417, '', '', 0, 'นางสาวนภกานต์ พิพัฒน์อนันต์', 2, 'ผู้พิพากษาศาลเยาวชนและครอบครัวจังหวัดแม่ฮ่องสอน', 22, 1, 0),
(418, '', '', 0, 'นายพิสิฐ  นรัตถรักษา', 2, 'ผู้พิพากษาหัวหน้าศาลเยาวชนและครอบครัวจังหวัดพะเยา', 23, 1, 0),
(504, '', '', 0, 'นายปริญญา ปานเพชร', 2, 'ผู้พิพากษาหัวหน้าศาลจังหวัดฮอด', 475, 1, 0),
(503, '', '', 0, 'นายยิ่งยง กาญจนพายัพ', 2, 'ผู้พิพากษาศาลจังหวัดเชียงราย', 6, 1, 0),
(502, '', '', 0, 'นายชยนันท์ กิจโอสถ', 2, 'ผู้พิพากษาศาลจังหวัดเชียงราย', 6, 1, 0),
(501, '', '', 0, 'นายนครินทร์ ปกรณ์วณิชชา', 2, 'ผู้พิพากษาศาลจังหวัดเชียงราย', 6, 1, 0),
(500, '', '', 0, 'นายณัฏฐ์พัฒธร ยาวิเริง', 2, 'ผู้พิพากษาศาลจังหวัดเชียงราย', 6, 1, 0),
(499, '', '', 0, 'นายสิฏฐ์ ปินตา', 2, 'ผู้พิพากษาศาลจังหวัดเชียงราย', 6, 1, 0),
(498, '', '', 0, 'นางกิ่งดาว ศักดิ์สิทธิศักดิ์', 2, 'ผู้พิพากษาศาลจังหวัดเชียงราย', 6, 1, 0),
(497, '', '', 0, 'นางชลิตา ศรีสง่า เพชรนิล', 2, 'ผู้พิพากษาศาลจังหวัดเชียงราย', 6, 1, 0),
(496, '', '', 0, 'นายอภิชาติ ฉิมเรือง', 2, 'ผู้พิพากษาศาลจังหวัดเชียงราย', 6, 1, 0),
(495, '', '', 0, 'นายคำปุน ภูธรศรี', 2, 'ผู้พิพากษาศาลจังหวัดเชียงราย', 6, 1, 0),
(494, '', '', 0, 'นางษมาภรณ์ ปัณฑรางกูร', 2, 'ผู้พิพากษาศาลจังหวัดเชียงราย', 6, 1, 0),
(493, '', '', 0, 'นายเดชวิบุล พนาเศรษฐเนตร', 2, 'ผู้พิพากษาหัวหน้าคณะชั้นต้นในศาลจังหวัดเชียงราย', 6, 1, 0),
(492, '', '', 0, 'นางมะลิวรรณ วิภาดาพรพงษ์', 2, 'ผู้พิพากษาหัวหน้าคณะชั้นต้นในศาลจังหวัดเชียงราย', 6, 1, 0),
(491, '', '', 0, 'นายภาคภูมิ ปัณฑรางกูร', 2, 'ผู้พิพากษาหัวหน้าคณะชั้นต้นในศาลจังหวัดเชียงราย', 6, 1, 0),
(490, '', '', 0, 'นางสาวธัญญานุช ตันติกุล', 2, 'ผู้พิพากษาศาลเยาวชนและครอบครัวจังหวัดลำพูน', 17, 1, 0),
(489, '', '', 0, 'นางศรินดา เกียรติศิริโรจน์', 2, 'ผู้พิพากษาหัวหน้าคณะชั้นต้นในศาลเยาวชนและครอบครัวจังหวัดลำพูน', 17, 1, 0),
(488, '', '', 0, 'นายอุชาติ เธียรพรานนท์', 2, 'ผู้พิพากษาหัวหน้าคณะชั้นต้นในศาลจังหวัดเชียงราย', 6, 1, 0),
(487, '', '', 0, 'นายวัชระ เอี่ยมอธิคม', 2, 'ผู้พิพากษาหัวหน้าคณะชั้นต้นในศาลจังหวัดเชียงราย', 6, 1, 0),
(486, '', '', 0, 'นางสาวนิดพา กนกภากร', 2, 'ผู้พิพากษาหัวหน้าศาลเยาวชนและครอบครัวจังหวัดลำพูน', 17, 1, 0),
(485, '', '', 0, 'นางศิริพร พวงสำลี', 2, 'ผู้พิพากษาหัวหน้าคณะชั้นต้นในศาลจังหวัดเชียงราย', 6, 1, 0),
(484, '', '', 0, 'นายธวัช สถิรเศรษฐ์', 2, 'ผู้พิพากษาหัวหน้าคณะชั้นต้นในศาลจังหวัดเชียงราย', 6, 1, 0),
(483, '', '', 0, 'นายรุ่งวิทย์ วิภาดาพรพงษ์', 2, 'ผู้พิพากษาหัวหน้าคณะชั้นต้นในศาลจังหวัดเชียงราย', 6, 1, 0),
(482, '', '', 0, 'นายรัชพล  คำเผ่า', 2, 'ผู้พิพากษาศาลเยาวชนและครอบครัวจังหวัดแพร่', 20, 1, 0),
(481, '', '', 0, 'นายอภิชาต บัวเล็ก', 2, 'ผู้พิพากษาหัวหน้าคณะชั้นต้นในศาลจังหวัดเชียงราย', 6, 1, 0),
(480, '', '', 0, 'นายปองศักดิ์  นันทเสน', 2, 'ผู้พิพากษาหัวหน้าคณะชั้นต้นในศาลเยาวชนและครอบครัวจังหวัดแพร่', 20, 1, 0),
(479, '', '', 0, 'นางสาวนวลปราง  สินธพานนท์', 2, 'ผู้พิพากษาศาลจังหวัดเทิง', 18, 1, 0),
(478, '', '', 0, 'นายสมคิด ใจกระเสน', 2, 'ผู้พิพากษาหัวหน้าคณะชั้นต้นในศาลจังหวัดเชียงราย', 6, 1, 0),
(477, '', '', 0, 'นายพิเชษฐ  บั้งเงิน', 2, 'ผู้พิพากษาศาลจังหวัดเทิง', 18, 1, 0),
(475, 'hodc', 'hodc', 0, 'ศาลจังหวัดฮอด', 0, '', 0, 1, 0),
(476, '', '', 0, 'นายเปรมศักย์ ศรีนวล', 2, 'ผู้พิพากษาศาลแขวงเวียงป่าเป้า', 465, 1, 0),
(474, '', '', 0, 'นายดิษพล รัตนโสภณ', 2, 'ผู้พิพากษาหัวหน้าคณะชั้นต้น ในศาลแขวงเวียงเป้า', 465, 1, 0),
(473, '', '', 0, 'นายธงชัย  สีหาเวช', 2, 'ผู้พิพากษาศาลจังหวัดเทิง', 18, 1, 0),
(472, '', '', 0, 'นางอมร  กีรติชัยวัตร', 2, 'ผู้พิพากษาหัวหน้าศาลเยาวชนและครอบครัวจังหวัดแพร่', 20, 1, 0),
(471, '', '', 0, 'นายชกูล  โตอ่อน', 2, 'ผู้พิพากษาหัวหน้าศาลแขวงเวียงป่าเป้า', 465, 1, 0),
(449, '', '', 0, 'นายนิติธร ภาระจำ', 2, 'ผู้พิพากษาศาลจังหวัดลำปาง', 11, 1, 0),
(450, '', '', 0, 'นางสาวสมชนก เกษมบุญชัย', 2, 'ผู้พิพากษาศาลจังหวัดลำปาง', 11, 1, 0),
(451, '', '', 0, 'นางสาวสุนันทา เธียรถาวร', 2, 'หัวหน้าคณะชั้นต้นในศาลแขวงเชียงใหม่', 4, 1, 0),
(452, '', '', 0, 'นางสาวจารุณี จีระออน', 2, 'ผู้พิพากษาศาลจังหวัดลำปาง', 11, 1, 0),
(453, '', '', 0, 'นายอนิรุทธิ์ วรินทร์', 2, 'ผู้พิพากษาศาลจังหวัดลำปาง', 11, 1, 0),
(454, '', '', 0, 'นายณัฐวัฒน์ ขันติธรางกูร', 2, 'ผู้พิพากษาศาลจังหวัดลำปาง', 11, 1, 0),
(455, '', '', 0, 'นายพิทักษ์ แสงสายัณห์', 2, 'หัวหน้าคณะชั้นต้นในศาลแขวงเชียงใหม่', 4, 1, 0),
(456, '', '', 0, 'นางสาวอภิศรา ชัยรักษ์', 2, 'ผู้พิพากษาศาลจังหวัดลำปาง', 11, 1, 0),
(457, '', '', 0, 'นายณัฐวัฒน์ ใบบัว', 2, 'หัวหน้าคณะชั้นต้นในศาลแขวงเชียงใหม่', 4, 1, 0),
(458, '', '', 0, 'นายสมชนก  ปิยะสุวรรณ์', 2, 'ผู้พิพากษาหัวหน้าศาลจังหวัดเทิง', 18, 1, 0),
(459, '', '', 0, 'นายสุภชัย เตชะหงษา', 2, 'หัวหน้าคณะชั้นต้นในศาลแขวงเชียงใหม่', 4, 1, 0),
(460, '', '', 0, 'นางปนัดดา เนาวรัตน์', 2, 'หัวหน้าคณะชั้นต้นในศาลแขวงเชียงใหม่', 4, 1, 0),
(461, '', '', 0, 'นายอนุรักษ์ หมั่นธรรม', 2, 'ผู้พิพากษา', 4, 1, 0),
(462, '', '', 0, 'นางปาริชาติ โพธิวังตระกูล', 2, 'ผู้พิพากษา', 4, 1, 0),
(463, '', '', 0, 'นายบัณฑิต  ถึงลาภ', 2, 'ผู้พิพากษาหัวหน้าคณะชั้นต้นในศาลจังหวัดเทิง', 18, 1, 0),
(464, '', '', 0, 'นางสาวรติมา ชัยสุโรจน์', 2, 'ผู้พิพากษา', 4, 1, 0),
(465, 'wppmc', 'wppmc', 0, 'ศาลแขวงเวียงป่าเป้า', 0, '', 0, 1, 0),
(466, '', '', 0, 'นางสาวอารยา ธีรการุณวงศ์', 2, 'ผู้พิพากษา', 4, 1, 0),
(467, '', '', 0, 'นายสุรเชษฐ์วริศ  มหัทธนะกุล', 2, 'ผู้พิพากษาหัวหน้าคณะชั้นต้นในศาลจังหวัดเทิง', 18, 1, 0),
(468, '', '', 0, 'นางสาวอรกานต์ พิพัฒน์นรเศรษฐ์', 2, 'ผู้พิพากษา', 4, 1, 0),
(469, '', '', 0, 'นายชาญวุฒิ  บุญญเขตรโกศล', 2, 'ผู้พิพากษาหัวหน้าคณะชั้นต้นในศาลจังหวัดเทิง', 18, 1, 0),
(470, '', '', 0, 'นายบุรฉัตร  ปราโมช ณ อยุธยา', 2, 'ผู้พิพากษาหัวหน้าศาลจังหวัดเชียงราย', 6, 1, 0),
(534, '', '', 0, 'นายเกริก  ตรีนุชกร', 2, 'ผู้พิพากษาศาลแขวงลำปาง', 12, 1, 0),
(535, '', '', 0, 'นางสาวบุษราภรณ์  ดอนชวนชม', 2, 'ผู้พิพากษาศาลแขวงลำปาง', 12, 1, 0),
(533, '', '', 0, 'นายนันทวัฒน์  ลิ้มธัญลักษณ์', 2, 'ผู้พิพากษาศาลแขวงลำปาง', 12, 1, 0),
(532, '', '', 0, 'นายสุพัฒน์  หน่อแหวน', 2, 'ผู้พิพากษาหัวหน้าคณะชั้นต้นในศาลแขวงลำปาง', 12, 1, 0),
(531, '', '', 0, 'นายวิทยา  เอี่ยมกล่ำ', 2, 'ผู้พิพากษาหัวหน้าคณะชั้นต้นในศาลแขวงลำปาง', 12, 1, 0),
(530, '', '', 0, 'นายชุมพล  ไชยชมภู', 2, 'ผู้พิพากษาหัวหน้าคณะชั้นต้นในศาลแขวงลำปาง', 12, 1, 0),
(528, '', '', 0, 'นายโพชฌงค์  พรหมขันธ์', 2, 'ผู้พิพากษา', 9, 1, 0),
(526, '', '', 0, 'นายสมพงษ์  พุทธฤทธิ์', 2, 'ผู้พิพากษา', 9, 1, 0),
(527, '', '', 0, 'นายณัฐวุฒิ  วิทยศักดิ์พันธ์', 2, 'ผู้พิพากษา', 9, 1, 0),
(525, '', '', 0, 'นายคมศักดิ์  โตโภชนพันธุ์', 2, 'ผู้พิพากษา', 9, 1, 0),
(524, '', '', 0, 'นายธีรพล  เครือเวทย์', 2, 'ผู้พิพากษา', 9, 1, 0),
(523, '', '', 0, 'นายธนากร  ปุสยะไพบูลย์', 2, 'ผู้พิพากษาหัวหน้าคณะชั้นต้นในศาล', 9, 1, 0),
(529, '', '', 0, 'นายสมชาย  จันทร์นาค', 2, 'ผู้พิพากษาหัวหน้าศาลแขวงลำปาง', 12, 1, 0),
(522, '', '', 0, 'นายครรชิต  ปังคานนท์', 2, 'ผู้พิพากษาหัวหน้าคณะชั้นต้นในศาล', 9, 1, 0),
(520, '', '', 0, 'นายคเณศ  ล้วนประพันธ์', 2, 'ผู้พิพากษาหัวหน้าคณะชั้นต้นในศาล', 9, 1, 0),
(518, '', '', 0, 'นายสุรสิทธิ์  อิงสถิตธนวันต์', 2, 'ผู้พิพากษาหัวหน้าคณะชั้นต้นในศาล', 9, 1, 0),
(516, '', '', 0, 'นายศรีณัฐ  พสุนธราธรรม', 2, 'ผู้พิพากษาหัวหน้าศาล', 9, 1, 0),
(519, '', '', 0, 'นายวัชรินทร์  ภู่นริศ', 2, 'ผู้พิพากษาหัวหน้าคณะชั้นต้นในศาล', 9, 1, 0),
(517, '', '', 0, 'นายสุทธิณัฐ   ไชยเจริญ', 2, 'ผู้พิพากษาศาลจังหวัดฝาง', 8, 1, 0),
(515, '', '', 0, 'นายณัชฐปกรณ์   เจริญรัตนวานนท์', 2, 'ผู้พิพากษาศาลจังหวัดฝาง', 8, 1, 0),
(514, '', '', 0, 'นายพินิจ   บุญประเสริฐ', 2, 'ผู้พิพากษาหัวหน้าคณะชั้นต้นในศาลจังหวัดฝาง', 8, 1, 0),
(513, '', '', 0, 'นางสาวศศิธร    พงศ์พันธุ์', 2, 'ผู้พิพากษาหัวหน้าคณะชั้นต้นในศาลจังหวัดฝาง', 8, 1, 0),
(512, '', '', 0, 'นายพลจักร์   คงน้อย', 2, 'ผู้พิพากษาหัวหน้าศาลจังหวัดฝาง', 8, 1, 0),
(511, '', '', 0, 'นายกิตติ  คูวิจิตรสุวรรณ', 2, 'ผู้พิพากษาศาลจังหวัดแม่สะเรียง', 15, 1, 0),
(505, '', '', 0, 'นายประวีณ จันทรบูรณ์', 2, 'ผู้พิพากษาศาลจังหวัดฮอด', 475, 1, 0),
(506, '', '', 0, 'นายกริชชัย  เชื้อชมภู', 2, 'ผู้พิพากษาหัวหน้าศาลจังหวัดแม่สะเรียง', 15, 1, 0),
(507, '', '', 0, 'นายณัฏฐะวุฒิ ภัทราคม', 2, 'ผู้พิพากษาหัวหน้าคณะชั้นต้นในศาลจังหวัดฮอด', 475, 1, 0),
(508, '', '', 0, 'นายฑปกรณ์ สุววัชรานนท์', 2, 'ผู้พิพากษาศาลจังหวัดฮอด', 475, 1, 0),
(509, '', '', 0, 'นายวิชา  เหล่าเทิดพงษ์', 2, 'ผู้พิพากษาหัวหน้าคณะชั้นต้นในศาลจังหวัดแม่สะเรียง', 15, 1, 0),
(510, '', '', 0, 'นายณรงค์ศักดิ์  จักสี', 2, 'ผู้พิพากษาศาลจังหวัดแม่สะเรียง', 15, 1, 0),
(549, '', '', 0, 'นายมณเฑียร ตีรอรุณศิริ', 2, 'ผู้พิพากษาหัวหน้าคณะชั้นต้นฯ', 3, 1, 0),
(548, '', '', 0, 'นายธนทร  ผดุงธิติฐ์', 2, 'ผู้พิพากษาหัวหน้าคณะชั้นต้นฯ', 3, 1, 0),
(547, '', '', 0, 'นายอิทธิพล  โสขุมา', 2, 'ผู้พิพากษาหัวหน้าศาลจังหวัดเชียงใหม่', 3, 1, 0),
(545, '', '', 0, 'นายอภิราม จันทรจรัส', 2, 'ผู้พิพากษาศาลจังหวัดแพร่', 10, 1, 0),
(546, '', '', 0, 'นายบุญชนะ พึ่งทอง', 2, 'ผู้พิพากษาศาลจังหวัดแพร่', 10, 1, 0),
(544, '', '', 0, 'นายสมบัติ เชาวนพูนผล', 2, 'ผู้พิพากษาศาลจังหวัดแพร่', 10, 1, 0),
(543, '', '', 0, 'นางสาววรรณพร พละภิญโญ', 2, 'ผู้พิพากษาศาลจังหวัดแพร่', 10, 1, 0),
(542, '', '', 0, 'นายประเสริฐ ไพรโสภา', 2, 'ผู้พิพากษาศาลจังหวัดแพร่', 10, 1, 0),
(541, '', '', 0, 'นายณภัทร จริยาธรรมเจริญ', 2, 'ผู้พิพากษาหัวหน้าคณะชั้นต้นในศาลจังหวัดแพร่', 10, 1, 0),
(540, '', '', 0, 'นายป้อมเพชร ไชยญาติ', 2, 'ผู้พิพากษาหัวหน้าคณะชั้นต้นในศาลจังหวัดแพร่', 10, 1, 0),
(538, '', '', 0, 'นายบุญยืน สุภาคำ', 2, 'ผู้พิพากษาหัวหน้าคณะชั้นต้นในศาลจังหวัดแพร่', 10, 1, 0),
(539, '', '', 0, 'นายมณฑล ชัยมงคล', 2, 'ผู้พิพากษาหัวหน้าคณะชั้นต้นในศาลจังหวัดแพร่', 10, 1, 0),
(537, '', '', 0, 'นายชัยรัตน์ สิทธิวิรัชธรรม', 2, 'ผู้พิพากษาหัวหน้าคณะชั้นต้นในศาลจังหวัดแพร่', 10, 1, 0),
(536, '', '', 0, 'นายเกรียงศักดิ์ ผ่องโสภณ', 2, 'ผู้พิพากษาหัวหน้าศาลจังหวัดแพร่', 10, 1, 0),
(550, '', '', 0, 'นายสมมาตร ฑีฆาอุตมากร', 2, 'ผู้พิพากษาหัวหน้าคณะชั้นต้นฯ', 3, 1, 0),
(551, '', '', 0, 'นายอรรถวุฒิ สุวรรณมงคล', 2, 'ผู้พิพากษาหัวหน้าคณะชั้นต้นฯ', 3, 1, 0),
(552, '', '', 0, 'นายสุรชัย สุรัตนโสภณ', 2, 'ผู้พิพากษาหัวหน้าคณะชั้นต้นฯ', 3, 1, 0),
(553, '', '', 0, 'นายเศวต อิทธิภูวดล', 2, 'ผู้พิพากษาหัวหน้าคณะชั้นต้น', 3, 1, 0),
(554, '', '', 0, 'นายทวีศักดิ์ ชัยธันยาภัทร์', 2, 'ผู้พิพากษาหัวหน้าคณะชั้นต้นฯ', 3, 1, 0),
(555, '', '', 0, 'นางวันทนา ถวัลย์ลาภา', 2, 'ผู้พิพากษาหัวหน้าคณะชั้นต้นฯ', 3, 1, 0),
(556, '', '', 0, 'นางสาวดาวน้อย รักนอบน้อม', 2, 'ผู้พิพากษาหัวหน้าคณะชั้นต้นฯ', 3, 1, 0),
(557, '', '', 0, 'นางสุธิดา คูหะสุวรรณ', 2, 'ผู้พิพากษาหัวหน้าคณะชั้นต้นฯ', 3, 1, 0),
(558, '', '', 0, 'นายอาทิตย์ สอนไทย', 2, 'ผู้พิพากษาหัวหน้าคณะชั้นต้นฯ', 3, 1, 0),
(559, '', '', 0, 'นายไกรวิช จามรมาน', 2, 'ผู้พิพากษาหัวหน้าคณะชั้นต้นฯ', 3, 1, 0),
(560, '', '', 0, 'นายสมเกียรติ คำเนตร', 2, 'ผู้พิพากษาหัวหน้าคณะชั้นต้นฯ', 3, 1, 0),
(561, '', '', 0, 'นางสาวรังสิมา ลัธธนันท์', 2, 'ผู้พิพากษาหัวหน้าคณะชั้นต้นฯ', 3, 1, 0),
(562, '', '', 0, 'นางปัทมาพร นาคเรืองศรี', 2, 'ผู้พิพากษาหัวหน้าคณะชั้นต้นฯ', 3, 1, 0),
(563, '', '', 0, 'นายคณากร เพียรชนะ', 2, 'ผู้พิพากษาหัวหน้าคณะชั้นต้นฯ', 3, 1, 0),
(564, '', '', 0, 'นายสุพัฒน์ชัย เมตต์ปราณี', 2, 'ผู้พิพากษา', 3, 1, 0),
(565, '', '', 0, 'นายสิงห์ฐาน จันทรา', 2, 'ผู้พิพากษา', 3, 1, 0),
(566, '', '', 0, 'นางสรสิริ จันทรา', 2, 'ผู้พิพากษา', 3, 1, 0),
(567, '', '', 0, 'นายปกรณ์ ยิ่งวรการ', 2, 'ผู้พิพากษา', 3, 1, 0),
(568, '', '', 0, 'นายประดิษฐ์ พงษ์สุวรรณ์', 2, 'ผู้พิพากษา', 3, 1, 0),
(569, '', '', 0, 'นางสาวนิชธิมา ปะจันทบุตร', 2, 'ผู้พิพากษา', 3, 1, 0),
(570, '', '', 0, 'นายสมชาย ฝั้นปันวงค์', 2, 'ผู้พิพากษา', 3, 1, 0),
(571, '', '', 0, 'นายจตุรงค์ ศรีเมฆ', 2, 'ผู้พิพากษา', 3, 1, 0),
(572, '', '', 0, 'นายสมภพ นันทโกวัฒน์', 2, 'ผู้พิพากษา', 3, 1, 0),
(573, '', '', 0, 'นายหิรัญ อัศววงศ์เกษม', 2, 'ผู้พิพากษา', 3, 1, 0),
(574, '', '', 0, 'นายอนุกูล นาคเรืองศรี', 2, 'ผู้พิพากษา', 3, 1, 0),
(575, '', '', 0, 'นายเพิ่มพูน พิศาลธุรกิจ', 2, 'ผู้พิพากษา', 3, 1, 0),
(576, '', '', 0, 'นางสาวพรรณธวัช มวญนรา', 2, 'ผู้พิพากษา', 3, 1, 0),
(577, '', '', 0, 'นางกานตา เมตต์ปราณี', 2, 'ผู้พิพากษา', 3, 1, 0),
(578, '', '', 0, 'นายปานรวี ชีวิตโสภณ', 2, 'ผู้พิพากษา', 3, 1, 0),
(579, '', '', 0, 'นายศิษฎากร สวัสดี', 2, 'ผู้พิพากษา', 3, 1, 0),
(580, '', '', 0, 'นางสาวอิสริยา สุนทรสิงห์', 2, 'ผู้พิพากษา', 3, 1, 0),
(581, '', '', 0, 'นายสุทธิศักดิ์ สุขบุญพันธ์', 2, 'ผู้พิพากษาหัวหน้าศาล', 19, 1, 0),
(582, '', '', 0, 'นายบรรดาล ดังขุนทด', 2, 'ผู้พิพากษาหัวหน้าคณะชั้นต้นในศาลเยาวชนและครอบครัวจังหวัดเชียงราย', 19, 1, 0),
(583, '', '', 0, 'นางสาววราภรณ์ ฟุ้งธรรมสาร', 2, 'ผู้พิพากษา', 19, 1, 0),
(584, '', '', 0, 'นางสุปราณี พูลแสง ทิมพิทักษ์', 2, 'ผู้พิพากษาหัวหน้าศาล', 16, 1, 0),
(585, '', '', 0, 'นายปรีชา พวงสมบัติ', 2, 'ผู้พิพากษาหัวหน้าคณะชั้นต้น', 16, 1, 0),
(588, '', '', 0, 'นางสาวชิตาพันธุ์ ปุรณะพรรค์', 2, 'ผู้พิพากษา', 16, 1, 0),
(590, '', '', 0, 'นายอัตถสิทธิ์ อุสาหกิจ', 2, 'ผู้พิพากษา', 16, 1, 0),
(591, '', '', 0, 'นายวีระเวช ลีฬหะบำรุง', 2, 'ผู้พิพากษาหัวหน้าศาล', 7, 1, 0),
(592, '', '', 0, 'นางสาววาสินี พรรคทองสุข', 2, 'ผู้พิพากษาหัวหน้าคณะชั้นต้น', 7, 1, 0),
(593, '', '', 0, 'นายประชารัฐ ราศรี', 2, 'ผู้พิพากษาหัวหน้าคณะชั้นต้น', 7, 1, 0),
(594, '', '', 0, 'นายอนุพงษ์ โพร้งประภา', 2, 'ผู้พิพากษาหัวหน้าคณะชั้นต้น', 7, 1, 0),
(595, '', '', 0, 'นายดำรง เรืองขจร', 2, 'ผู้พิพากษาหัวหน้าคณะชั้นต้น', 7, 1, 0),
(596, '', '', 0, 'นายวิฑูรย์ จันทรสีมาวรรณ', 2, 'ผู้พิพากษา', 7, 1, 0),
(597, '', '', 0, 'นายอภิสิทธิ์ มีเสรี', 2, 'ผู้พิพากษา', 7, 1, 0),
(598, '', '', 0, 'นายประชาชน จินันทุยา', 2, 'ผู้พิพากษา', 7, 1, 0),
(599, '', '', 0, 'นายปวีณ ปิ่นประยงค์', 2, 'ผู้พิพากษา', 7, 1, 0),
(600, '', '', 0, 'นายธนเสฏฐ์ ฤทธิธาดาชินพงศ์', 2, 'ผู้พิพากษาหัวหน้าคณะชั้นต้นในศาลจังหวัดแม่ฮ่องสอน', 25, 1, 0),
(601, '', '', 0, 'นายอำนาจ เพียรไทย', 2, 'ผู้พิพากษาหัวหน้าคณะชั้นต้นในศาลจังหวัดแม่ฮ่องสอน', 25, 1, 0),
(602, '', '', 0, 'นายปวเมษ คล้ายสมบัติ', 2, 'ผู้พิพากษาศาลจังหวัดแม่ฮ่องสอน', 25, 1, 0);

--
-- Indexes for dumped tables
--

--
-- Indexes for table `info_accepts`
--
ALTER TABLE `info_accepts`
  ADD PRIMARY KEY (`id`);

--
-- Indexes for table `info_appointments`
--
ALTER TABLE `info_appointments`
  ADD PRIMARY KEY (`id`);

--
-- Indexes for table `info_appointments2`
--
ALTER TABLE `info_appointments2`
  ADD PRIMARY KEY (`id`);

--
-- Indexes for table `info_at`
--
ALTER TABLE `info_at`
  ADD PRIMARY KEY (`id`);

--
-- Indexes for table `info_at_results`
--
ALTER TABLE `info_at_results`
  ADD PRIMARY KEY (`id`);

--
-- Indexes for table `info_auto_received_nums`
--
ALTER TABLE `info_auto_received_nums`
  ADD PRIMARY KEY (`id`),
  ADD UNIQUE KEY `type_id` (`type_id`,`year_val`);

--
-- Indexes for table `info_cases`
--
ALTER TABLE `info_cases`
  ADD PRIMARY KEY (`id`);

--
-- Indexes for table `info_groups`
--
ALTER TABLE `info_groups`
  ADD PRIMARY KEY (`id`);

--
-- Indexes for table `info_imprisons`
--
ALTER TABLE `info_imprisons`
  ADD PRIMARY KEY (`id`);

--
-- Indexes for table `info_result`
--
ALTER TABLE `info_result`
  ADD PRIMARY KEY (`id`);

--
-- Indexes for table `info_settings`
--
ALTER TABLE `info_settings`
  ADD PRIMARY KEY (`id`),
  ADD UNIQUE KEY `name` (`name`),
  ADD UNIQUE KEY `id` (`id`),
  ADD KEY `name_2` (`name`);

--
-- Indexes for table `info_topics`
--
ALTER TABLE `info_topics`
  ADD PRIMARY KEY (`id`);

--
-- Indexes for table `info_types`
--
ALTER TABLE `info_types`
  ADD PRIMARY KEY (`id`);

--
-- Indexes for table `info_uploads`
--
ALTER TABLE `info_uploads`
  ADD PRIMARY KEY (`id`);

--
-- Indexes for table `info_usergroups`
--
ALTER TABLE `info_usergroups`
  ADD PRIMARY KEY (`id`);

--
-- Indexes for table `info_users`
--
ALTER TABLE `info_users`
  ADD PRIMARY KEY (`id`);

--
-- AUTO_INCREMENT for dumped tables
--

--
-- AUTO_INCREMENT for table `info_accepts`
--
ALTER TABLE `info_accepts`
  MODIFY `id` int(11) NOT NULL AUTO_INCREMENT,AUTO_INCREMENT=15;
--
-- AUTO_INCREMENT for table `info_appointments`
--
ALTER TABLE `info_appointments`
  MODIFY `id` int(11) NOT NULL AUTO_INCREMENT,AUTO_INCREMENT=358;
--
-- AUTO_INCREMENT for table `info_appointments2`
--
ALTER TABLE `info_appointments2`
  MODIFY `id` int(11) NOT NULL AUTO_INCREMENT,AUTO_INCREMENT=14;
--
-- AUTO_INCREMENT for table `info_at`
--
ALTER TABLE `info_at`
  MODIFY `id` int(11) NOT NULL AUTO_INCREMENT,AUTO_INCREMENT=13;
--
-- AUTO_INCREMENT for table `info_at_results`
--
ALTER TABLE `info_at_results`
  MODIFY `id` int(11) NOT NULL AUTO_INCREMENT,AUTO_INCREMENT=4;
--
-- AUTO_INCREMENT for table `info_auto_received_nums`
--
ALTER TABLE `info_auto_received_nums`
  MODIFY `id` int(11) NOT NULL AUTO_INCREMENT,AUTO_INCREMENT=7;
--
-- AUTO_INCREMENT for table `info_cases`
--
ALTER TABLE `info_cases`
  MODIFY `id` int(11) NOT NULL AUTO_INCREMENT,AUTO_INCREMENT=6286;
--
-- AUTO_INCREMENT for table `info_groups`
--
ALTER TABLE `info_groups`
  MODIFY `id` int(11) NOT NULL AUTO_INCREMENT,AUTO_INCREMENT=6;
--
-- AUTO_INCREMENT for table `info_imprisons`
--
ALTER TABLE `info_imprisons`
  MODIFY `id` int(11) NOT NULL AUTO_INCREMENT,AUTO_INCREMENT=4;
--
-- AUTO_INCREMENT for table `info_result`
--
ALTER TABLE `info_result`
  MODIFY `id` int(11) NOT NULL AUTO_INCREMENT,AUTO_INCREMENT=11;
--
-- AUTO_INCREMENT for table `info_settings`
--
ALTER TABLE `info_settings`
  MODIFY `id` int(11) NOT NULL AUTO_INCREMENT,AUTO_INCREMENT=3;
--
-- AUTO_INCREMENT for table `info_topics`
--
ALTER TABLE `info_topics`
  MODIFY `id` int(11) NOT NULL AUTO_INCREMENT,AUTO_INCREMENT=521;
--
-- AUTO_INCREMENT for table `info_types`
--
ALTER TABLE `info_types`
  MODIFY `id` int(11) NOT NULL AUTO_INCREMENT,AUTO_INCREMENT=8;
--
-- AUTO_INCREMENT for table `info_uploads`
--
ALTER TABLE `info_uploads`
  MODIFY `id` int(11) NOT NULL AUTO_INCREMENT;
--
-- AUTO_INCREMENT for table `info_usergroups`
--
ALTER TABLE `info_usergroups`
  MODIFY `id` int(11) NOT NULL AUTO_INCREMENT,AUTO_INCREMENT=4;
--
-- AUTO_INCREMENT for table `info_users`
--
ALTER TABLE `info_users`
  MODIFY `id` int(11) NOT NULL AUTO_INCREMENT COMMENT 'Row id',AUTO_INCREMENT=603;
/*!40101 SET CHARACTER_SET_CLIENT=@OLD_CHARACTER_SET_CLIENT */;
/*!40101 SET CHARACTER_SET_RESULTS=@OLD_CHARACTER_SET_RESULTS */;
/*!40101 SET COLLATION_CONNECTION=@OLD_COLLATION_CONNECTION */;
